mp_id,assistant_fullname,assistant_type_id
18090,Василенко  Iван В Iкторович,4
18090,Скляров Євген Миколайович,4
18090,Славинська  Iрина Олександр Iвна,4
18090,Смирнов Серг Iй Володимирович,4
18090,Шевченко Олександр Павлович,4
18090,Єр Iсов Євген Олександрович,4
18090,Черн Iкова Оксана Олександр Iвна,4
18090,Гончаренко Олександр Васильович,4
18090,Ворощук Ольга  Iгор Iвна,4
18090,Безсонний Андр Iй Олександрович,4
18090,Кравцов Олег Григорович,4
18090,Серг Iєнко Андр Iй Валер Iйович,4
18090,Носенко Н Iна Федор Iвна,4
18090,Ульященко Людмила Андр Iївна,4
18090,Горян Iн Артем Олександрович,4
18090,Гн Iздицький В Iтал Iй Миколайович,4
18090,Трегубова Катерина Юр Iївна,2
18090,Чернявська Анна Серг Iївна,2
18090,Бєлозьоров Владислав Олегович,4
18090,Родванск I В Iктор Бейлович,4
18090,Потеряйко Роман Анатол Iйович,2
18090,Тригуб Ольга Леон Iд Iвна,2
21110,Стратюк Олег Олександрович,4
21110,Греб Iнець В Iктор Iя Федор Iвна,4
21110,Черванчук Серг Iй Анатол Iйович,2
21110,Гур Iн Тимоф Iй Володимирович,4
21110,Шостак Людмила Серг Iївна,2
21110,Коссє Оксана Миколаївна,2
21110,Гуц Олександр Олександрович,4
21110,Соколов В Iктор Анатол Iйович,4
21110,Гапончук Микола Миколайович,4
21110,Євушко Катерина Борис Iвна,4
21112,Фом Iн Артур Євгенович,4
21112,Перфецька Алла Володимир Iвна,2
21112,Сивочка Василь Васильович,4
15654,Дятлова  Iрина В Iктор Iвна,2
15654,Матруновський Юр Iй Михайлович,2
15733,Попова Натал Iя Володимир Iвна,2
15733,Бардась Денис Васильович,4
15733,Огребчук Петро  Iванович,4
15733,Бащук Володимир Васильович,2
15733,Козлова Натал Iя Миколаївна,4
15733,Ол Iйник Тетяна В Iктор Iвна,4
15733,Дулапч Iй Катерина Миколаївна,4
18055,Щербак Iвська Людмила Михайл Iвна,2
18055,Н Iколенко Вадим Георг Iйович,2
18055,Стєбловська Юл Iя Костянтин Iвна,4
18055,Тимошенко Андр Iй Михайлович,4
18055,Резн Iченко  Iван В Iкторович,4
18055,Ковалевич  Iгор Кап Iтонович,4
18055,Резн Iченко Володимир В Iкторович,4
18055,Нагорняк  Iрина Олександр Iвна,4
18055,Гончаренко Тетяна Володимир Iвна,4
18055, Iсаєв Г Iлал М Iргасан огли,4
18055,Сотула Олександра Федор Iвна,4
18055,Юхименко В Iтал Iй Дем'янович,4
18055,Комар Валентина  Iгор Iвна,4
18055,Бондарчук Володимир Володимирович,4
18055,Щ Iпановський Олекс Iй Олександрович,4
18055,Демко Анастас Iя Анатол Iївна,4
18055,Ємельяненко Кар Iм Олегович,4
18055,Потапенко Серг Iй Анатол Iйович,4
18055,Палєха Серг Iй Петрович,4
18055,Кальний В Iктор В Iкторович,4
18055,Савченко Анна Вадим Iвна,2
18055,Мамаєва Олександра Олександр Iвна,2
18055,Кантур Володимир Володимирович,2
15672,Кул Iш  Iгор Володимирович,2
15672,Лещенко Серг Iй Володимирович,2
15672,Н Iколаєнко Анна Володимир Iвна,4
15672,М Iтюк Анатол Iй  Iванович,4
15672,Мельник Дмитро Васильович,2
15672,Кобелянська Лариса Стан Iслав Iвна,4
15672,Васильєва Валентина  Iван Iвна,4
15672,Ропан Артур Серг Iйович,4
15672,Монастирський Володимир Романович,4
15672,Наубетова Олеся Дмитр Iвна,4
21113,Бугаєв Максим Анатол Iйович,4
21113,Дмитр Iєв Юр Iй Валер Iйович,3
21113,Ващенко Анастас Iя Серг Iївна,4
793,Морозк Iн Олександр Геннад Iйович,4
793,Семикозова Олена Володимир Iвна,2
793,Чернецов Олександр  Iванович,4
793,Черненко Св Iтлана Олекс Iївна,4
21114,Кучеренко Михайло Григорович,4
21114,Денисюк  Iгор Петрович,4
21114,Медведчук Оксана Валер Iївна,4
21114,Непомнящий Олександр Михайлович,4
21114,Зус Iк Тетяна В Iктор Iвна,2
21114,Аракелян Нвер Володимирович,4
21114,Бабич В Iктор Iя Юр Iївна,4
21114,Бойко Володимир Олександрович,4
21114,Мнацаканов Костянтин Георг Iйович,2
21114,Карпенко Ярослава Миколаївна,2
21114,Качур Iн Геннад Iй Валентинович,4
2524,Лихицький Микола Миколайович,2
2524,Вер Iг Iна  Iрина Костянтин Iвна,2
2524,Бублик Олександр Серг Iйович,2
2524,Панов В Iтал Iй Кузьмич,4
2524,Шакало Володимир Всеволодович,4
2524,Унгурян Оксана Юр Iївна,4
2524,Лоз Iн Юр Iй Олекс Iйович,2
2524,Чех Борис Васильович,2
2524,Добр Iвська Оксана Олександр Iвна,2
2524,Шульг Iнова-Фом Iна Лариса Євген Iвна,2
20964,К Iу Iла Олекс Iй Дмитрович,4
20964,Гусак Вадим Леон Iдович,4
20964,Островка Ер Iх В Iкторович,2
20965,Клемпоуз Галина  Iгор Iвна,2
20965,Биць Артур В Iкторович,4
20965,Чепелюк Олександр Олександрович,4
20965,Муляр Володимир Степанович,4
20965,Горяйнова Аур Iка Олександр Iвна,4
20965,Рогоз Iна Тетяна Олександр Iвна,2
20965, Iванова Валентина  Iван Iвна,2
20965,Марач Владислав В Iкторович,4
17993,Никорак  Iрина Петр Iвна,2
17993,Купчук  Iрина Володимир Iвна,2
17993,Фахр Iєва Натал Iя Род Iон Iвна,2
17993,Яковенко Анатол Iй  Iванович,2
17993,Чернова Олена Олег Iвна,4
17993,Артеменко Артем Васильович,4
17993,Патрушев Євген Iй Михайлович,4
17993,Плужниченко В Iктор Володимирович,4
17993,Лебедюк Леон Iд Андр Iйович,4
17993,Гаврилець Олександр Васильович,4
17993,Мельникова Л Iл Iя Олександр Iвна,4
17993,Коренюк Костянтин Серг Iйович,4
17993,Богайчук Степан Корн Iйович,4
20966,Глушенко Олександр Валер Iйович,2
20966,Мойс Iяха Андр Iй Валентинович,4
20966,Єрм Iшин Денис Серг Iйович,4
20966,Котляр Анна Олекс Iївна,4
20967,Шибченко Серг Iй Миколайович,4
20967,Пономаренко Дмитро Олександрович,4
20967,Король Людмила Володимир Iвна,2
20967,Опанасенко Ал Iна Володимир Iвна,2
20967,Федина Олекс Iй Миколайович,4
20967,С Iрик Жанна Серг Iївна,4
20968,Кучерак Володимир Павлович,2
20968,Нагорняк Богдан Михайлович,2
20968,Новаковська Людмила Ярослав Iвна,4
20968,Кис Iлевський Всеволод Степанович,4
20968,Грин Iшак Володимир Юр Iйович,4
20968,Капак Андр Iй Михайлович,4
20968,Гол Iней Роксолана Богдан Iвна,4
20968,Левкун Ярослав Антонович,4
20968, Iванц Iв Ярослав  Iванович,4
20968,Шнуренко Валер Iй Олександрович,4
20968,Третяк Тарас Олекс Iйович,4
20968,Ф Iлатович Олександр Володимирович,4
11118,Скоробагатько Серг Iй Миколайович,2
11118,Нагай Олег Мирославович,2
11118,Євтушок  Iгор Володимирович,2
11118,Мягк Iн Фед Iр Георг Iйович,4
11118,Ревяк Iн Максим Олександрович,4
11118,Губська В Iктор Iя Петр Iвна,4
20970,Сахно Дмитро Григорович,4
20970,Печерога Володимир Анатол Iйович,2
20970,Шаров  Iгор Борисович,4
20970,Головченко Олександра Миколаївна,2
20969,Пал Iйчук Юл Iя Володимир Iвна,4
20969,Гр Iд Iн Олекс Iй Анатол Iйович,4
20969,Домашенко Петро Анатол Iйович,2
18058,Петренко Дмитро Володимирович,4
18058,Яковенко Алла Олександр Iвна,2
18058,Троян Валер Iй Миколайович,4
18058,Гриневич В Iктор Степанович,4
18058, Iвчук Стан Iслав Стан Iславович,4
18058,Журенок Тетяна Володимир Iвна,4
18058,Виг Iвська Тетяна Петр Iвна,2
18058,Шахрай Олена Васил Iвна,2
20971,Буняк Iна Дар'я Дмитр Iвна,2
20971,Шпильовий Богдан В Iкторович,2
20971,Плєшакова Олена Анатол Iївна,4
20971,Поєзн Iк Анатол Iй Леон Iдович,4
20971,Буцько  Iван Серг Iйович,4
20971,Тарапата Ганна В Iктор Iвна,4
20971,Гладка Л Iд Iя Петр Iвна,4
20971,Сивун Євген Iй Петрович,4
20971,Кононенко Олег Валер Iйович,4
20971,Сидоров Гл Iб Юр Iйович,4
20971,Разношинський Максим Михайлович,4
20971,Рой Олег Володимирович,4
20971,Колом Iєць Володимир Анатол Iйович,4
20971,Колом Iєць Денис Володимирович,4
20971,Литвин Микола Олександрович,4
20971,Сапицький Едуард Миколайович,4
20982,Меленко Л Iд Iя Гаврил Iвна,4
20982,Задорожна Юл Iя Володимир Iвна,4
20982,Гр Iнченко Олександр Анатол Iйович,4
20982,Кубляк Св Iтлана Анатол Iївна,4
20982,Савкова Ольга Анатол Iївна,4
20982,Рибка Олександр Анатол Iйович,4
20982,Юзвак Тетяна Володимир Iвна,4
20982,Ковальчук Жанна Вячеслав Iвна,4
20982,Маркевич Валентина Володимир Iвна,4
20982,Баб Iй Ольга В Iктор Iвна,4
20982,Воротюк Натал Iя В Iктор Iвна,4
20982,Кушерець Дарина Васил Iвна,4
20982,Романчук Д Iана Володимир Iвна,2
20982,Богонос Анастас Iя В Iктор Iвна,2
20982,Лоз Iнська Галина  Iлл Iвна,4
15684,Комар Iда  Iрина Юр Iївна,2
15684,Ободовська  Iрина Степан Iвна,2
15684,Тисм Iнецька Св Iтлана Олександр Iвна,2
15684,Пол Iкарчук Павло Львович,4
15684,Данюк Мар Iя Миколаївна,4
15684,Вдовиченко В Iктор Iя Андр Iївна,4
15684,Загуменнова-Крупович Євген Iя Валер Iївна,4
20975,Строй Серг Iй Борисович,4
20975,Ткаченко Олена Юр Iївна,2
20975,Самандрула Анжела Ярослав Iвна,2
20975,Сидоренко  Iнна В Iктор Iвна,2
20972,Лазько Гюльназ Заур Iвна,2
20972,Сабецька Олександра Борис Iвна,4
20974,Канюра Олександр Андр Iйович,4
20974,Кожевников Артем Юр Iйович,4
20974,Сириця Серг Iй Олександрович,4
20974,Гумен Роман Миколайович,4
20974,Криштафович Орест Ярославович,4
20974,Облап Павло Васильович,2
20974,Шальнєв Юр Iй Анатол Iйович,4
20976,Венгл Iнський Олександр Олександрович,2
20976,Ковбель Оксана Володимир Iвна,4
20976,Павленко Едуард Євгенович,4
20976,М Iрошников Володимир Олександрович,4
20976,Кацалап Серг Iй Михайлович,4
20976,Каряк Iн Володимир Степанович,4
20976,Дубров Артем Стан Iславович,2
20977,Шульган Марта-Стефан Iя  Iгор Iвна,2
20977,Малач Iвська Мар Iя З Iнов Iївна,4
20977,Занько Христина Миколаївна,4
20977,Радченко Ольга Олександр Iвна,2
20977,Куропась  Iрина Степан Iвна,4
20977,Станько Тарас Романович,4
20977,Харченюк  Iгор Серг Iйович,4
5566,Андрушко Володимир Миколайович,4
5566,Б Iров Оксана Золтан Iвна,4
5566,Зацеп Iн Володимир Юр Iйович,4
5566,Гулий Руслан Миколайович,4
5566, Iзай Св Iтлана Олександр Iвна,4
5566,Бл Iнов Андр Iй Юр Iйович,4
5566,Бахмач Роман Григорович,4
5566,Хохлов Максим Михайлович,4
5566,Ковач Золтан Юл Iйович,4
5566,Папуша  Iгор Миколайович,4
5566,Яковенко Олена Васил Iвна,4
5566,Федикович Павло Антонович,4
5566,Поворозник Роман Романович,2
5566,Шкр Iба Володимир  Iванович,2
5566,Хрипта Костянтин Володимирович,4
5566,Сабова Ганна Михайл Iвна,4
5566,Коваль Олександр Васильович,4
5566,Когутич Тетяна Петр Iвна,4
5566,Василець Валер Iй Йосипович,4
19958,Миколаєнко  Iрина Михайл Iвна,3
19958,Голуб Олександра Анатол Iївна,3
19958,Хутор Тетяна Миколаївна,4
19958,Басиста Альб Iна Володимир Iвна,4
19958,Васильняк Альона Анатол Iївна,2
19958,Геращенко Микита Вадимович,4
19958,Бражник Юр Iй Юр Iйович,4
19958,Куриленко Олександр Васильович,4
19958,Гончаренко Альона Васил Iвна,4
19958,Остапенко Андр Iй Валер Iйович,4
19958,С Iмонян Анна Врам Iвна,4
18063,Шах Тарас Ярославович,4
18063,Сироїд Олександр  Iлл Iч,4
18063,Свердун Володимир Васильович,4
18063,Подв Iрний Тарас Михайлович,2
18063,Тел Iшевський  Iгор З Iнов Iйович,2
18063,Вострих Олег Юр Iйович,4
18063,Ковальов Андр Iй Юр Iйович,4
18063,Сорокопуд Орест Миколайович,4
18063,Самчук Олександр В Iкторович,2
18063,Ткаченко Юр Iй Серг Iйович,2
18063,Шкляр Валентина Миколаївна,2
18063,Ос Iдач Юр Iй Геннад Iйович,4
20978,Захарчук Олена Олександр Iвна,4
20978,Лукеря  Iван Михайлович,4
20978,Одом Iч Анна Олександр Iвна,2
20978,Айрапетов Мануел Анушаванович,4
20978,Бизов Серг Iй Серг Iйович,4
20978,Горовенко Серг Iй Анатол Iйович,4
20979,Кучерявий Олександр Олександрович,2
20979,Кукса Денис Олександрович,4
20979,Антонова Альона Юр Iївна,4
20979,Приймак Олена В Iктор Iвна,4
20979,Б Iлоусова Л Iл Iя Олег Iвна,2
20980,Чередниченко Дар'я Олег Iвна,2
20980,Верняєв Юр Iй Васильович,4
20980,Бабко-Малий Антон Миколайович,4
20980,Литвинчук Валентин Володимирович,4
20980,Воробйов Олександр Григорович,4
20980,Кравченко Олег Серг Iйович,4
20980,Перч Денис Вячеславович,4
20980,Встрєтєнцев Серг Iй В Iкторович,4
20980,Щедрук Павло Володимирович,4
20980,Черних Андр Iй Олегович,4
20980,Чайка Едуард Миколайович,4
20980,Шацьких Володимир Володимирович,4
20981,Горобчук Юл Iя Серг Iївна,2
20981,Брижко Руслан Олекс Iйович,4
20981,Берез Iн Серг Iй Юр Iйович,4
20981,Ф Iщук Павло Миколайович,4
20981,Хохлов Михайло Михайлович,4
20981,Пабат В Iктор Олекс Iйович,4
20981,Лук Iянчук Анатол Iй Анатол Iйович,4
20981,Сичов В Iктор Анатол Iйович,4
20981,Могильчук Олена Олександр Iвна,4
20981,Нужин Димитр Iй Валер Iйович,4
20981,Барсуков Андр Iй Олександрович,4
20981,Он Iщенко Олекс Iй Анатол Iйович,4
20981,Соз Iнова Тетяна Анатол Iївна,4
20983,Сторчеус Тетяна Володимир Iвна,2
20983,Ксенжук  Iван Євген Iйович,2
20984,Голопотелюк Юл Iя Володимир Iвна,2
20984,Панченко Микола Миколайович,4
20984,Т Iтаренко Яна Олександр Iвна,4
20984,Чумак Богдан В Iкторович,4
20984,К Iр Iяк Алла  Iван Iвна,4
20984,Левандовський В Iктор Серг Iйович,4
20984,Русєв  Iван Трифонович,4
20984,Б Iб Iк Дмитро В Iкторович,4
20984,Захарова Олена Андр Iївна,4
20984,Мазур  Iгор Петрович,4
20984,Денисюк Роман В Iтал Iйович,4
20984,Закапко Олег Васильович,4
20984,Лозовська Натал Iя Миколаївна,4
20984,В Iдн Iк Алла Михайл Iвна,4
20984,Васильк Iвський Олександр Леон Iдович,2
20985,Сабадаш Натал Iя Олександр Iвна,4
20985,Куляс Мар Iя Богдан Iвна,4
20985,Мойсеєнко Марина В Iктор Iвна,4
20985,Галинський Михайло Володимирович,4
20985,Жир Iвський Михайло Дем'янович,3
20985,Т Iтова Олена Олександр Iвна,2
20985,Марченко  Iван Олександрович,4
20986,Богомазов Павло Серг Iйович,3
20986,К Iхтан Оксана Ярослав Iвна,2
20986,Шевчук Вячеслав Анатол Iйович,4
20986,Коротка Св Iтлана  Iван Iвна,2
20987,Редько Олекс Iй Миколайович,4
20987,Русу Л Iв Iу  Iванович,4
20987,Яковенчук  Iнна Васил Iвна,2
20987,Кокошко Мирослава Васил Iвна,2
20987,Шишковський Олександр Серг Iйович,4
20987,Калюжний Дмитро Григорович,4
20987,Якимчук Володимир Миколайович,4
20987,Янчак Альона Анатол Iївна,4
20987,Тарасова  Iрина Прокоп Iвна,4
20987,Степаненко Любов  Iван Iвна,4
20987,Бойко Олександра Михайл Iвна,4
11094,Кушн Iр В Iктор Олександрович,4
11094,Ясс Iрський Едвард Леон Iдович,2
11094,Безсмертна Тетяна Володимир Iвна,2
11094,Юр'єва  Iрина Миколаївна,2
11094,Гриценко Володимир Петрович,4
11094,Сатко Вадим Борисович,4
11094,Гайс Iн Кар Iм Азельгареєвич,2
11094,Конопацький Ем Iль Володимирович,4
11094,Фроленко Володимир Олександрович,4
11094,Грушко Серг Iй Серг Iйович,4
11094,Хижняк  Iрина  Iван Iвна,4
11094,Серг Iєнко Олена Васил Iвна,4
11094,Пономарьов Серг Iй В Iкторович,4
11094,В Iнн Iкова Алла Володимир Iвна,4
11094,Косенко Олег Олександрович,4
11094,Гол Iк Олександр Ал Iмович,4
11094,Долженков Серг Iй Анатол Iйович,4
11094,Башк Iр Олекс Iй В Iтал Iйович,4
15826,Фридинський Святослав Миколайович,4
15826,Бенькалович Ярослав Михайлович,4
15826,Морозова Оксана Михайл Iвна,4
15826,Ковальчук Анатол Iй Анатол Iйович,4
15826, Iвахов Анатол Iй  Iванович,4
15826,Морозовський В Iктор Нарцисович,4
15826,Голюк Тетяна В Iктор Iвна,4
15826,М Iн Iх  Iрина Миколаївна,4
15826,Провозьон Василь Миколайович,4
15826,Бодаєв Вадим  Iгорович,4
15826, Iваневич В Iтал Iй Стан Iславович,2
15826,Нацевич Валентина Григор Iвна,2
15826,См Iрнов Максим Андр Iйович,2
15826,Маценко Серг Iй Анатол Iйович,4
15826,Головня  Iгор Борисович,4
20988,Запорожець В Iтал Iй Миколайович,2
20988,Гончаренко Ганна Володимир Iвна,4
20988,Гоць Юл Iя  Iван Iвна,4
20988,Селик В Iтал Iй Григорович,4
20988,Карм Iнський Анатоль Маркович,4
20988,Бесчастна Богдана Володимир Iвна,2
20988,Заруба Дмитро Васильович,4
18066,Ярмолюк Олег Миколайович,4
18066,Чепура Катерина Петр Iвна,4
18066,Мицик Богдан Павлович,4
18066,Правосудов Володимир Вячеславович,4
18066,Шпак Серг Iй В Iтал Iйович,4
18066,Пархоменко Серг Iй Анатол Iйович,4
18066,Тришмак  Iван Михайлович,4
18066,Довганчин Георг Iй Миронович,4
18066,Лагнюк Ярослав Олегович,4
18066,Гнатув Євген Iй Мар'янович,4
18066,Наклович  Iгор Мирославович,4
18066,Приставський  Iгор Васильович,4
18066,Барило  Iгор Григорович,4
18066,Вовк Володимир Богданович,4
18066,Мисик Христина Ростислав Iвна,4
18066, Iншин Олександр  Iванович,4
18066,Бойко Руслан Петрович,4
18066,Слюсаренко Ганна Анатол Iївна,4
18066,Олексин Мар'яна Мирослав Iвна,2
18066,Переверзєва Карол Iна Дмитр Iвна,2
18066,Когут Серг Iй Серг Iйович,2
18066,Грисюк В Iтал Iй  Iванович,2
18066,Масний Максим Едуардович,4
11153,Бебешко Олена Олександр Iвна,2
11153,Котова Юл Iя  Iгор Iвна,4
11153,Радюк В Iтал Iй Васильович,4
11153,Яс Iнська Тетяна  Iван Iвна,4
11153,Бабенко Мар Iя  Iгор Iвна,4
11153,Степанова Дар'я Олег Iвна,2
20989,Однолєтков Володимир В Iтал Iйович,4
20989,Бекетов Назар Олександрович,4
20989,Скринник Св Iтлана Олександр Iвна,4
20989,Романовський Володимир Францевич,4
20989,Бобров Олександр Борисович,4
20989,Петрова Анна Федор Iвна,2
20989,Жук Серг Iй Володимирович,2
20989,Мовчан Натал Iя Володимир Iвна,2
20989,Шматков Григор Iй Григорович,4
20989,Круп Iй Олекс Iй Серг Iйович,4
20989,Шул Iма Альона Олександр Iвна,4
20989,Симоненко В Iктор Анатол Iйович,4
20989,Кияшко Володимир Тимоф Iйович,4
20989,Столяренко Тетяна Михайл Iвна,4
20989,Сал Iй  Iгор Вячеславович,4
20990,Гаращук Ганна Анатол Iївна,4
20990, Iванова Олена  Iван Iвна,4
20990, Iванова Олена  Iван Iвна,2
20990,Кобися Микола Володимирович,4
20990,Ящук Олена В Iктор Iвна,4
20990,С Iльницька Св Iтлана Миколаївна,4
20991,Дорох Iн В Iтал Iй  Iгорович,4
20991,Денисенко Григор Iй Вячеславович,4
20991,Зал Iзнюк В Iктор Валентинович,2
20991,Задоян  Iрина Анатол Iївна,2
8731,Л Iсняк Григор Iй Михайлович,4
8731,Деркач Роман Володимирович,2
8731,Вершин Iн Дмитро Володимирович,4
8731,Пересунько  Iнна Олександр Iвна,2
8731,Костюк Маргарита Анатол Iївна,2
20992,Черниш Олена Федор Iвна,3
20992,Ткаченко Ольга Миколаївна,4
20992,Бондаренко Катерина Андр Iївна,2
20992,Котлов Володимир Євген Iйович,2
20992,Ткачук Андр Iй Васильович,4
20993,Сидоренко Владислав  Iгорович,4
20993,Лямець Серг Iй Олександрович,4
20993,М Iро Данило Володимирович,2
20994,Магдич Богдана Андр Iївна,2
20994,Кабанець Володимир Юр Iйович,4
20994,М Iщук Натал Iя Васил Iвна,4
20994,Попов Iченко Олександр Михайлович,2
20995,Агеєва  Iрина Юр Iївна,4
20995,Олеф Iр Л Iл Iя Олександр Iвна,4
20995,Баскаков Антон  Iгорович,4
20995,Святюк Олена Васил Iвна,4
20995,Трикуль Ольга Васил Iвна,2
20995,Пол Iщук В Iктор Iя В Iтал Iївна,4
20995,Несват Натал Iя Андр Iївна,4
20996,Андр Iєвський Олег Григорович,4
20996,Дорошенко Кр Iст Iна Едуард Iвна,2
20996,Дорошенко Олекс Iй Олександрович,4
20996,Опенько Юр Iй Анатол Iйович,4
20996,Пономаренко Мар Iя Миколаївна,2
20996,Дорошенко Олександр Олександрович,4
20997,Булав Iнцева Ганна Миколаївна,2
20997,Гриценко Анатол Iй Петрович,4
20997,Фадюх Iн Олександр Олександрович,4
20997,М Iрошник Серг Iй Борисович,4
20997,М Iрошник Роман Григорович,4
20997,Пшеничний Андр Iй Михайлович,4
20997,Палад Iй  Iгор Володимирович,4
20997,Талалаєвський В Iктор  Iванович,4
20997,Сухоносов Олег Володимирович,4
20997,Соботюк Володимир Васильович,4
20997,Михайлюк Валер Iй Васильович,4
21921,Шамайда Тарас Анатол Iйович,2
21921,Трубенко Леся Борис Iвна,2
21921,Горд Iна Галина Миколаївна,2
21011,Казьм Iна-Воронець Яна Серг Iївна,2
21011,Богачов Олександр Миколайович,4
21011,Глушко Галина Петр Iвна,3
21011,Гаврилюк Володимир Васильович,2
20998,Залевський Серг Iй В Iкторович,4
20998,Данилюк Олена Євген Iївна,4
20998,Молнар Наталя В Iктор Iвна,4
20998,Гуля В Iтал Iй Серг Iйович,4
20998,Зайченко Олег Григорович,2
20998,Бузак Тарас Олександрович,4
20998,Бурлака Олена Васил Iвна,4
11120,Юд Iна Ярослава Євген Iвна,2
11120,Безвершенко Юл Iя Васил Iвна,4
11120,Зел Iнська Ганна Георг Iївна,4
11120,Поздняков Юр Iй Володимирович,4
11120,Бест Натал Iя В Iктор Iвна,4
21001,Милий Денис Юр Iйович,2
21001,Харчук Дмитро Миколайович,4
21001,Навроцька Ольга Степан Iвна,4
21001,Глухов Максим Володимирович,4
21001,Васько Петро Зенов Iйович,4
21001,Пащенко Катерина Валер Iївна,2
21001,Сметан Iна Мар Iя Олександр Iвна,4
20999,Нєцвєтаєв Євген Олександрович,4
20999,Жупанов Дмитро Володимирович,4
20999,Гост Iм Iнська Катерина В Iктор Iвна,4
20999,Пазичук Анатол Iй Серг Iйович,4
20999,Вернер Альона  Iгор Iвна,4
20999,Шутенко Альона Олександр Iвна,4
20999,Пляцко Андр Iй Валер Iйович,4
20999,Шутенко В'ячеслав  Iгорович,4
20999,Сп Iвак В Iтал Iй Анатол Iйович,4
20999,Филимонов Павло Євгенович,4
20999,Федоровський Андр Iй Анатол Iйович,4
20999,Чумак Катерина Володимир Iвна,4
20999,Костюшко В Iктор Васильович,4
20999,Петльований Максим Юр Iйович,2
20999,Луцков Володимир  Iгорович,4
20999,Колодюк Володимир Леон Iдович,2
20999,Буркаль В Iта Серг Iївна,2
21000,Д Iдач В Iктор Iя  Iгор Iвна,4
21000,Столбова Мар Iя Андр Iївна,2
21000,Артем'єва Ольга Вячеслав Iвна,2
21000,Лисенко Олена Володимир Iвна,4
21000,Слободян Роман Робертович,4
21000,Мор Iй Юл Iя Олег Iвна,4
21000,Бондаренко Борис Олександрович,4
21000,Рябченко Тарас Олегович,4
21000, Iвасик В Iктор Iя Федор Iвна,4
21002,Терещенко Юр Iй Анатол Iйович,2
21002,Сахнюк В Iтал Iй Серг Iйович,4
21002,Опришко Дмитро Юр Iйович,4
21002,Бессарабов Олександр Володимирович,4
21002,Зальцберг Юл Iя  Iгор Iвна,4
21003,Фролов Денис Олександрович,4
21003,Ковбасюк Дмитро  Iгорович,4
21003,Сердюк В Iктор Миколайович,4
21003,Гриб  Iрина Миколаївна,4
21003,Єлєнєва  Iрина Володимир Iвна,2
21003,С Iдєльн Iков Артем В Iкторович,4
21003,Громов Вадим Олександрович,4
21003,Ковальський Вадим Олекс Iйович,4
21003,Бакаєв Костянтин Серг Iйович,4
21004,Сойка Катерина Степан Iвна,4
21004,Шехлович Андр Iана Михайл Iвна,2
21004,Гансецька Ел Iна Володимир Iвна,4
21004,Семко Михайло Михайлович,2
21004,Пелехатий Андр Iй Олегович,4
21004,Л Iтинський Святослав Володимирович,4
21004,Рущак Андр Iй Юр Iйович,4
21004,Золотух Iн Олександр Олександрович,4
21005,Киричук Серг Iй Володимирович,4
21005,Грищук Серг Iй Валер Iйович,4
21005,Антал Вячеслав  Iванович,4
21005,Каражов Серг Iй Васильович,4
21005,Гавр Iк Роман Олександрович,4
21005,Чернуха Мар Iя Михайл Iвна,4
21005,Краснолуцький Артем Олександрович,4
21005,Матущак Артур В Iкторович,4
21005,Слюсарчук Серг Iй Борисович,4
21005,Щербань Олександр Васильович,4
21005,Фурман Вадим Васильович,4
21005,Баг Iнський Артем Олександрович,4
21005,Кулаков Володимир  Iванович,4
21005,Малюз Iн Олександр  Iванович,4
21005,Прядун Руслан Володимирович,4
21005,Ваг Iна  Iрина Дмитр Iвна,2
21005,Бондар  Iгор Олександрович,2
21005,Леськов Вадим Степанович,4
21006,Миколюк Андр Iй Васильович,4
21006,Фоменко Тетяна Анатол Iївна,4
21006,Кордон Володимир Михайлович,4
21006,Панчук Св Iтлана Серг Iївна,4
21006,Лой  Iрина В Iктор Iвна,4
21006,Зотова Людмила Павл Iвна,2
21006,Регелюк Володимир  Iванович,4
17961,Вольський  Iгор Григорович,4
17961,Мосейко Олекс Iй Валентинович,4
17961,Леб Iдь В Iтал Iй Миколайович,4
17961,Ясенчук Олександр Анатол Iйович,4
17961,Ярощук Олександр Анатол Iйович,4
17961,Бакан Мирослава Любомир Iвна,2
17961,Шевченко  Iрина Серг Iївна,2
17961,Довга В Iктор Iя Серг Iївна,2
17961,Стасюк Василь Володимирович,2
21007,Коба Катерина Валер Iївна,4
21007,Калюжна Юл Iя Дмитр Iвна,4
21007,Миколайчук Василь  Iванович,4
21007,Б Iкетова Марина Олександр Iвна,4
21007,Бєл Iков Михайло Васильович,4
21007,Бурденко Валер Iй Георг Iйович,4
21007,Фоменко Артем Олександрович,2
21007,Агаркова Людмила Миколаївна,2
21007,Шт Iфонов Павло Серг Iйович,4
21007,Безбородов Валер Iй Анатол Iйович,4
21009,Шимшир'ян Григор Iй Володимирович,4
21009,Караченцев Денис Юр Iйович,4
21009,Колоколова  Iрина Євген Iївна,4
21009,Кравчук Анатол Iй  Iванович,4
21009,Вишинський Андр Iй Васильович,4
21009,Б Iлан Василь Олександрович,2
21010,Зубченко Натал Iя В Iктор Iвна,4
21010,Суходольська  Iрина В Iктор Iвна,4
21010,Латишев Руслан Володимирович,4
21010,Б Iльченко Микола Петрович,2
21010,Фесенко  Iнна Андр Iївна,2
21010,Коваль Анна Юр Iївна,4
12265,Горбенко В Iктор Iя Олександр Iвна,2
12265,Храпаль Роман Миколайович,2
5417,Куд Iнська  Iнна Миколаївна,4
5417,Сандул Георг Iй Олександрович,4
5417,Левицька Натал Iя Анатол Iївна,4
5417,Панасенко Олег Олександрович,4
5417,Давиденко Володимир Павлович,4
5417,Волинець Павло Якович,4
5417,Голота Павло Павлович,4
5417,Кучерявий  Iван Тихонович,4
5417,Демчук Натал Iя Володимир Iвна,2
5417,Кондрюк Серг Iй Михайлович,2
5417,Ус Iков Костянтин В'ячеславович,2
5417,Скаковська В Iра Йосип Iвна,4
5417,Рура Алла Миколаївна,4
5417,Козельський Володимир Володимирович,4
5417,Брязгунова Олеся Юр Iївна,4
5417,Кравченко Олена Серг Iївна,4
5417,Павлов Серг Iй  Iванович,4
5417,Ступаренко Юр Iй Георг Iйович,4
5417,Колючий Микола Семенович,4
5417,Савва Дмитро  Iгорович,4
5417,Черненко Євген Миколайович,4
5417,Тулей Петро Петрович,4
5417,Самойлов Юр Iй Петрович,4
5417,Качейшв Iл I Л Iана Георг Iївна,4
21012,С Iряков Олександр  Iванович,4
21012,Варич Серг Iй Якович,2
21012,Коробкова Олена Анатол Iївна,4
21012,Хомра  Iван Олександрович,4
21012,Москаленко Серг Iй  Iванович,4
21012,Ткачук Олег Олегович,4
21012,Кучеренко Олександр Євген Iйович,4
21012,Мамаєва Христина Руслан Iвна,4
21013,Пешко Володимир В Iкторович,4
21013,Пишняк Серг Iй Васильович,2
21013,М Iщенко Андр Iй Михайлович,4
21013,Коновалова Христина В Iктор Iвна,4
21013,Манджав Iдзе Дар'я Леон Iд Iвна,2
21013,Чесноков В Iктор  Iгорович,2
21013,Боднар В Iктор Васильович,4
21013,К Iрюх Iн Денис  Iгорович,4
21013,Коротков Дмитро Михайлович,4
21014,Аршинн Iкова Анна Валер Iївна,2
21014,Н Iколенко Олекс Iй Серг Iйович,4
21014,Худа Володимир Миколайович,4
21015,Крисько Олена Валер Iївна,4
21015,Сидоренко  Iрина Олександр Iвна,4
21015,Сух Iна Мар Iя Анатол Iївна,2
21015,Бердовська Катерина Павл Iвна,4
21015,Зв Iздовський Євген Iй Едуардович,4
21015,Севастяненко Вячеслав Юр Iйович,4
21015,Больбот В Iтал Iй В Iкторович,4
21015,Божко Олександр Федорович,4
21016,Плахотна Олена Миколаївна,4
21016,Клеп Iков Олекс Iй Серг Iйович,4
21016,Гаспарян Арсен Валер Iйович,2
21016,Краснов Денис Леон Iдович,4
21016,Розумний Олександр Васильович,4
21017,Миленька Тетяна Роман Iвна,4
21017, Iлькова Л Iл Iя В Iктор Iвна,4
21017,Гдичинський Богдан Петрович,4
21017,Сорока Микола  Iванович,4
21017,Заболотня Л Iна Миколаївна,2
21017,См Iшко Олександр Леон Iдович,4
21018,Назарян Армен Закарович,4
21018,З Iн Iн Серг Iй Володимирович,4
21018,Борецький Володимир З Iнов Iйович,4
21018,Жебель Микола Вадимович,4
21018,Варещенко Володимир  Iгорович,4
21018,Листопад Оксана Миколаївна,2
21018,Суховєєва Оксана Миколаївна,2
21018,Загика Олена Анатол Iївна,2
21018,Дарда Дмитро Дмитрович,4
21018,Гребоножко Євген Петрович,4
21018,Осадча Кр Iст Iна Олег Iвна,4
21018,Мельниченко Катерина Серг Iївна,4
21018,Хатян Натал Iя Володимир Iвна,4
21018,Кузьменко Вадим Григорович,4
21018,Слєсарєв Микола Васильович,4
21018,Музика Максим Леон Iдович,4
21018,Шиб Iко Роман Михайлович,4
21018, Iваненко Олександр Петрович,4
21018,Турчиновський Серг Iй Григорович,4
21018, Iзуїта Петро Олександрович,4
21018,Слюсар Костянтин Серг Iйович,4
21018,Галушко Олег Серг Iйович,4
21018,Бєл Iков Юр Iй Миколайович,4
21019,Захарк Iв Ярослав Петрович,4
21019,Палюх Андр Iй Ярославович,4
21019,В Iвчар Оксана  Iван Iвна,4
21019,Фар Iончук Денис Володимирович,4
21019,Жаборт Анатол Iй  Iванович,2
21019,Шатарський Артур Яремович,2
21020,Мочанов Олекс Iй Юр Iйович,4
21020,П Iдгорняк Ярослав Олександрович,4
21020,Боровко Всеволод Миколайович,4
21020,Б Iлоус Богдан Петрович,4
21020,Вернидуб Дмитро В Iкторович,4
21020, Iванкевич Серг Iй Леон Iдович,4
21020,Розлач Павло  Iванович,4
21020,Шуб Iн Олег Володимирович,4
21020,Федоренко Володимир Валер Iйович,4
21020,С Iльд  Iл'я В Iл Iйович,4
21020,Красноп Iр В Iктор Iя Валентин Iвна,4
21020,Радчук Катерина Володимир Iвна,2
21020,Кучеренко В Iтал Iй Валер Iйович,2
17985,Боремський Серг Iй Георг Iйович,2
17985,Гребньов Богдан Геннад Iйович,4
17985,Коваль Вадим Володимирович,4
17985,Руденко В Iтал Iй В Iкторович,4
17985,Радченко Юл Iя Юр Iївна,2
17985,Макарук Михайло Юр Iйович,2
11121,Семиз Андр Iй Олександрович,2
11121,Малиг Iн Ярослав Валер Iйович,2
11121,Драгунова Жанна Леон Iд Iвна,4
11121,Гришина Ольга Миколаївна,4
11121,Л Iнецький Серг Iй Володимирович,4
11121,Савчук Руслана  Iван Iвна,4
15827,Єгоров Олександр Борисович,4
15827,Владимирцева Лариса Миколаївна,4
15827,В Iркун Тетяна В Iктор Iвна,4
15827,Кр Iвцов Олекс Iй Олекс Iйович,4
15827,Михайлишин Петро Йосипович,4
15827,Максименко Юл Iя Володимир Iвна,4
15827,М Iшенкова-Данелюк Ганна Серг Iївна,4
15827,Нескромнюк Олеся Юр Iївна,4
15827,П Iдрушняк Володимир  Iлл Iч,4
15827,Трачук Лариса Володимир Iвна,4
15827,Шейко Олександр Петрович,4
15827,Щербак Анжел Iка Леон Iд Iвна,4
15827,Рожкова Ольга Серг Iївна,4
15827,Сидорова Людмила  Iгор Iвна,4
15827,Мороз Василь  Iванович,4
15827,Котова Оксана Леон Iд Iвна,4
15827,Ткаченко Уляна Юр Iївна,2
15827,Смотрич Володимир З Iнов Iйович,4
15827,Касян Олександр Миколайович,4
15827,Ясн Iцький В Iтал Iй В Iкторович,4
15827,Шолом Iцький Серг Iй Якович,4
15827,Кучерявий Юр Iй Володимирович,4
15827,Григор'єва Ольга Олександр Iвна,4
21021,Корольов Олег  Iгоревич,4
21021,Вакуленко Дмитро Серг Iйович,4
21021,Швець Олександр Михайлович,4
21021,Багно Юр Iй Володимирович,4
21021,Орлов Серг Iй Геннад Iйович,2
21021,Баранов Род Iон Романович,2
21021,Дол Iдзе Ал Iна Олександр Iвна,4
21021,Симашко Костянтин Миколайович,4
21021,Баран Майя Олександр Iвна,4
21021,Ол Iйник Руслан Юр Iйович,2
21021,Кучеровець Юл Iя Петр Iвна,2
21022,Когут Микола Богданович,2
21022,С Iнк Iн Володимир Володимирович,4
21022,Чижевська  Iрина Анатол Iївна,4
21022,Уласюк Михайло Анатол Iйович,4
21023,Топорецька Зоряна Миколаївна,4
21023,Козленко Андр Iй  Iгорович,4
21023,Ситницька Анастас Iя Григор Iвна,4
21023,Базов В Iктор Петрович,4
21023,Стефанчук Марина Миколаївна,4
21023, Iващик  Iрина Анатол Iївна,2
21023,Саламаха Серг Iй Дмитрович,2
21023,Чуйко Олена Валентин Iвна,4
21023,Сокур Євген Iй Ростиславович,4
21023,Грищенко Св Iтлана Петр Iвна,4
21023,Михайленко Дмитро Олександрович,4
21023,Форсюк В Iта Леон Iд Iвна,4
21024,Л Iнкевич Анатол Iй Казимирович,4
21024,Панченко Олег Анатол Iйович,4
21024,Калуг Iн Олександр Валер Iйович,4
21024,Васильєв Серг Iй Володимирович,4
21024,Самойленко В Iктор Олександрович,4
21024,Шейко Олександр Федорович,4
21024,Невєдров Валер Iй Миколайович,4
21024,Шапран Серг Iй Миколайович,4
21024,П Iдгорний В Iтал Iй В Iкторович,4
21024,Добродомов Олександр Юр Iйович,4
21024,Бєлашенко Костянтин Григорович,4
21024,Гололобов Борис Дмитрович,4
21024,Мел Iкбегян Ашот Нор Iкович,4
21024,Дуб Iн Iн Олександр Васильович,4
21024,Шейченко Над Iя Васил Iвна,4
21024,Сидоров Стан Iслав  Iгорович,4
21024,Ключникова Св Iтлана Миколаївна,2
21024, Iртегов Олег Володимирович,2
21024,Шинкаренко  Iрина Михайл Iвна,2
21024,Єфремов Леон Iд Борисович,4
17984,Примак Олександр Львович,4
17984,Єрмакова Ганна Олекс Iївна,2
17984,Полтавська В Iктор Iя Володимир Iвна,2
17984,Полтавський Володимир Володимирович,2
17984,Дмитр Iєв Серг Iй В Iкторович,4
17984, Iспанюк Олег Аскольдович,4
21025,Трестер Юл Iя Олександр Iвна,2
21025,Дьякон Юр Iй Григорович,4
21025,Науменко  Iгор Анатол Iйович,4
21025,Колесник Костянтин Анатол Iйович,4
21025,Цибань Натал Iя Володимир Iвна,4
18075,Малищук Вадим  Iванович,2
18075,Зизич Натал Iя Юр Iївна,4
18075,Онищук Олександр Миколайович,2
18075,Бедей  Iванна Серг Iївна,2
18075,Турянчик Роман Васильович,2
18075,Цебер Роланд  Iванович,2
18075,Жолобецька Олена Миколаївна,2
18075,Ломпарт Н Iна Васил Iвна,2
18075,Ворона Петро Васильович,4
18075,Покришка  Iван Дмитрович,4
18075,Новицький Остап З Iнов Iйович,4
18075,Бред Iнський Андр Iй Анатол Iйович,4
18075,Оленчук Любов В Iктор Iвна,4
18075,Бондаренко Тетяна Анатол Iївна,4
18075,Косяченко Костянтин Леон Iдович,4
18075,Лизанець Олександр Михайлович,4
18075,Посоленик  Iван Васильович,4
18075,Литвин Роман Миколайович,4
18075,Мамчур Лариса  Iван Iвна,2
21026,Лихно Ярослав Юр Iйович,2
21026,Смачило Катерина Тарас Iвна,4
21026,Густ Iл Iна Олена Стан Iслав Iвна,4
14603,Деркач Юр Iй В Iкторович,4
14603,Сушкова Д Iана Ярослав Iвна,2
14603,Гл Iнський Артем Серг Iйович,4
14603,Мат Iєк Оксана Миколаївна,4
14603,Шапочк Iн Дмитро Юр Iйович,4
14603,Б Iнявська Людмила Петр Iвна,2
21027,Болотова Олена Васил Iвна,2
21027,Баграй Олена Миколаївна,2
21027,Щет Iн Iна Зухра Ассафовна,4
21027,Євдокименко Денис Миколайович,4
21027,Герасимчук Максим Валер Iйович,2
21027,Шевченко В Iтал Iй Олександрович,4
21027,Тюр Iн Володимир Петрович,4
21027,Омельченко Володимир Васильович,4
21027,Сахошко Марина Олександр Iвна,4
21027,Андр Iєвський В Iктор Євгенович,4
21027,Храпко Серг Iй  Iгорович,4
21027,Матухно Антон Васильович,4
21028, Iзетова Людмила Абдураман Iвна,2
21028,Кур Iнний Вадим Вадимович,4
21028,Гайдук Антон Володимирович,4
21028,Атанов Юр Iй Олександрович,2
21028,Зар Iчна В Iктор Iя Серг Iївна,2
21028,Пилипенко Максим Миколайович,2
21028,Кул Iн Iч Катерина Валер Iївна,4
21028,Соболев Дмитро В Iтал Iйович,4
21028,Савенко Ганна Миколаївна,4
21028,Матюша Мар Iя Олександр Iвна,4
21028,Герасименко Володимир  Iванович,4
21029,Григораш Олег  Iванович,2
21029,Гречок Юл Iя Олександр Iвна,2
21029,Петришина Анна Юр Iївна,4
21327,Гура Юл Iя Васил Iвна,2
21327,Циганчук Натал Iя Антон Iвна,4
21327,Пижов Олександр Михайлович,4
21327,Нескороджена Лариса Леон Iд Iвна,4
21327,Бахрушин Володимир Євгенович,4
21030,Н Iколайчук Володимир В Iтал Iйович,4
21030,Красуленко  Iрина Володимир Iвна,4
21030,Васянович Юр Iй Миколайович,4
21030,Можар Юл Iя Дмитр Iвна,4
21030,Красуцький Олександр Миколайович,4
21030,Огородн Iйчук Петро Васильович,4
21030,Кушн Iр Олександр Петрович,4
21030,Семенюк В Iтал Iй Григорович,4
21030,Чорний Юр Iй Миколайович,4
21030,Майстренко Василь Петрович,4
21030,Ф Iлоненко Михайло Миколайович,2
21030,Юрченко  Iгор Володимирович,2
21030,Мироненко Серафим Костянтинович,2
21030,К Iрнєв Дмитрий  Iванович,4
21031,Волошин Юл Iан  Iгорович,4
21031,Мошелюк  Iлона Леон Iд Iвна,2
21031,Устенко Олександр Серг Iйович,4
21031,Гуцалюк Олександр Едуардович,4
21031,Семенова Ксен Iя  Iгор Iвна,3
21031,Гр Iга Владислав Серг Iйович,3
21031,Головатенко  Iрина Олександр Iвна,4
21032,Д Iхтяр Володимир Олекс Iйович,4
21032,Ващенко Денис  Iгорович,4
21032,Климов Костянтин Валер Iйович,4
21032,Костенко Владислав Володимирович,4
21032,Рекуненко  Iгор  Iванович,4
21032,Устик Дмитро Володимирович,4
21032,Товкус Олександр  Iгоревич,4
21032,Федина Серг Iй  Iванович,4
21032,Л Iшунов Євген Iй Олександрович,4
21032,Демидко В Iтал Iй Олегович,2
14674,Лавришик Олександр Олександрович,2
14674,Торба  Iгор Олександрович,4
14674,Романюк Валентина Миколаївна,4
14674,Карпус Борис Серг Iйович,4
14674,Шаповал Володимир Володимирович,4
14674,Карась Євген Васильович,4
14674,Ф Iл Iпенко В Iра Анатол Iївна,4
14674,Хиць В Iктор Леонт Iйович,4
14674,Мних Валер Iй Михайлович,4
14674,Коваль Мар'яна Юр Iївна,2
14674,Бокоч Андр Iй Михайлович,2
14674,Науменко Мар Iя В Iтал Iївна,2
14674,Маюк Олена Володимир Iвна,2
21033,Ганчук Григор Iй Володимирович,4
21033,Бор Iшкев Iч Максим Васильович,4
21033,Опанащук Над Iя В Iтал Iївна,2
21036,Веретюк Євген Євгенович,4
21036,Мельниченко В Iктор Iя Володимир Iвна,4
21036,Галушко Володимир Олекс Iйович,4
21036,Висоцький Володимир Едуардович,4
21036,Крамарь Олександр Петрович,4
21036,Ол Iйник Валер Iй Валер Iйович,2
21036,В Iт Iкач В Iтал Iй В Iкторович,4
18079,Музика Юр Iй Володимирович,2
18079,Борисенко Олекс Iй Володимирович,4
18079,Бугай Олег Анатол Iйович,4
18079,Титенок Яна Стан Iслав Iвна,2
18079,Коваль В Iктор Iя Васил Iвна,2
11147,Рибаков  Iгор Олександрович,4
11147,Дунаєнко Олександра  Iван Iвна,4
11147,Пристай Олекс Iй Романович,4
11147,Стєбловський В Iктор Анатол Iйович,4
11147,Крул Iковський Дмитро Анатол Iйович,4
11147,Саєнко Тетяна Володимир Iвна,4
11147,Таран Олена В Iктор Iвна,4
11147,Данил Iв Андр Iй Богданович,4
11147,Приходько  Iгор В Iкторович,4
11147,Браг Iнська Анна Леон Iд Iвна,4
11147,Панченко Натал Iя Миколаївна,2
11147,Шевчук Андр Iй  Iванович,2
11147,Соловйова Тетяна  Iван Iвна,2
21034,Бєжан Михайло Михайлович,4
21034,Лагодний Олександр Серг Iйович,4
21034,Нечипуренко Андр Iй Олександрович,2
21034,Коваленко  Iрина Васил Iвна,4
21034,Лаврека Олена Олександр Iвна,2
21034,Дорон Iна Олена Анатол Iївна,4
21035,Лобода Ксен Iя Серг Iївна,4
21035,Миронченко Кар Iна Леон Iд Iвна,2
21035,Дятчина Олена Анатол Iївна,2
21035,Лутковська-Бабич Анастас Iя Леон Iд Iвна,4
21035,Комлевий Олександр Ростиславович,4
2284,Нанай Н Iна  Iван Iвна,4
2284,Галака В Iра Миколаївна,2
2284,Рибаков Серг Iй Олександрович,2
2284,Сл Iнченко Лариса Володимир Iвна,3
2284,Демешко Максим Валер Iйович,4
2284,Тернова Зоя Серг Iївна,4
2284,Кравченко Олександр  Iванович,4
2284,Пустовойтенко Вячеслав Валер Iйович,4
2284,П Iвторацький Євген Iй Валер Iйович,4
2284,Приходько Павло Юр Iйович,4
2284,Бурлака Юр Iй Олександрович,4
8358,Кост Iна Ольга Олег Iвна,4
8358,Душенко Микола Миколайович,4
8358,Адамчук Олена Юр Iївна,4
8358,Порхун В Iтал Iй Михайлович,4
8358,Кущовий Валентин Серг Iйович,4
8358,Яцик Тетяна Петр Iвна,3
8358,Грабар Л Iна Юр Iївна,2
8358,Журавський Олександр Анатол Iйович,4
21037,Тихоненко Св Iтлана Володимир Iвна,2
21037,Медведовський Валер Iй Володимирович,4
21037,Гладуш Євген Валер Iйович,4
21037,Сандакова Олеся Володимир Iвна,2
21037,Єв Iнтова Мар Iя Володимир Iвна,2
21037,Панченко Ал Iна Михайл Iвна,4
21038,Кириленко Олександр Олегович,2
21038,Костинюк Юр Iй Дмитрович,4
21038,Коваль Вячеслав Євген Iйович,4
21038,К Iр Iк  Iрина Олександр Iвна,2
21038,Каспар'ян Артем Єрвандович,4
21038,Дмитрук Анастас Iя Олександр Iвна,4
18086,Ярмолюк Алла Миколаївна,2
18086,Коршунова Юл Iя Миколаївна,2
18086,Семенюк Юл Iя Олександр Iвна,2
18086,Саакян Марина Торгом Iвна,4
18086,Трубаченко Анна Валер Iївна,4
18086,Пустовой Антон Володимирович,2
21039,С Iваш Артем Серг Iйович,4
21039,Ш Iнкарук-Диковицька Мар Iя Михайл Iвна,4
21039,Кобилянський Олександр Володимирович,4
21039,Котл Iнська Марина Олег Iвна,4
21039,Каленик Володимир Миколайович,4
21039,Климчук  Iгор Степанович,4
21039,Штефанюк Серг Iй Федорович,4
21039, Iльчишен  Iгор Олегович,4
21039,Михайлов Олександр Васильович,4
21039,Каряг Iн Юр Iй Олегович,4
21039,Корпанюк Олександр Серг Iйович,4
21039,Марковський Стан Iслав Стан Iславович,4
21039,Веретинський Олег Миколайович,4
21039,Гетьман Олександр Якович,4
21039,Бен Iвська Оксана Володимир Iвна,4
21039,Лисов Вадим Георг Iйович,4
21039,Жданк Iн Володимир Васильович,4
21039,Назаренко Оксана Петр Iвна,2
21039,С Iваш Мар Iя Олександр Iвна,4
21039,Сазонов Денис Євгенович,4
21039,Хаджинов Максим Геннад Iйович,4
21039,Гуревич Роман Семенович,4
21039,Науменко Артем Андр Iйович,4
21039,Варшавська  Iнна Як Iвна,2
21039,Лоза Дмитро Миколайович,2
21039,Апостолова Олена Валентин Iвна,4
12272,Дунаєнко Олександра  Iван Iвна,4
12272,Яценко Ганна Володимир Iвна,4
12272,Решетн Iков Юр Iй Євгенович,4
12272,Шуста Дмитро Серг Iйович,4
12272,Дмитр Iєв Олег Володимирович,2
12272,Березюк Олена Володимир Iвна,2
12272,Яценко В Iктор  Iванович,2
12272,Попович Василь Васильович,4
12272,Самороков Микола В Iкторович,4
12272,Смовж Тетяна Стан Iслав Iвна,4
12272,Костюченко Олександр Миколайович,4
12272,Ярошенко Олександр Олександрович,4
12272,Гора Микола  Iгорович,4
12272,Лебедь Серг Iй Олександрович,4
12272,Кириченко Мар Iя Серг Iївна,4
12272,Назарук Микола Михайлович,4
12272,Полуб Iнський В Iктор Ростиславович,2
21040,Бовкун Юл Iя Олег Iвна,2
21040,Холод Ганна Олександр Iвна,4
21040,Ганницький Михайло Олександрович,4
21040,Оберемчук Дмитро Володимирович,4
21040,Кост Iна Тетяна Володимир Iвна,4
21040, Iванчов Йосип Васильович,4
21040,Братк Iвський Клим Серг Iйович,4
21040,Кисельова Мар Iя Серг Iївна,4
21040,Книга Натал Iя Миколаївна,4
21040,Киян Олександр Михайлович,4
21040,Полозюк Костянтин Миколайович,4
21040,Червоненко Юл Iя Олег Iвна,4
21040,Шевченко Андр Iй Васильович,4
21040,Адайк Iн Денис Серг Iйович,4
21040,Желєзнов Дмитро Анатол Iйович,2
21040,Семергей Стан Iслав Олександрович,2
21040,С Iчевий Денис Валер Iйович,2
21040,Барабанова Д Iана Анатол Iївна,2
15790,Лещинський Володимир Михайлович,2
15790,Купц Iв Оксана Роман Iвна,2
15790,Г Iль З Iнов Iй  Iванович,4
15790,Захарко Юл Iя Юр Iївна,4
15790,Фрей Микола Михайлович,4
15790,Ожегова Ганна Олександр Iвна,2
15790,Симоненко Мар Iя Олександр Iвна,2
21041,Угрин Мирон Миронович,4
21041,Розенко Оксана  Iван Iвна,2
21041,Антосяк Анастас Iя Юр Iївна,2
21041,Шевчук Катерина В Iктор Iвна,4
21041,Дахно Лариса Олександр Iвна,4
15780,Лебедєва Ал Iна Борис Iвна,2
15780,Яцик Ольга Валер Iївна,4
15780,Овчаренко Олександр В Iкторович,4
15780,Шевченко Св Iтлана Михайл Iвна,2
15780,Шанг Iна Ольга Олександр Iвна,4
15780,Задорожний Богдан Едуардович,2
15780,Самольцева Л Iл Iя Олександр Iвна,2
15780,Думчий Дмитро Вадимович,4
21042,Богатирчук Серг Iй Миколайович,4
21042,Пл Iтка Олеся Анатол Iївна,4
21042,Волков Андр Iй Олександрович,4
21042,Осик Iна Людмила  Iван Iвна,4
21042,Рибенкова Лариса  Iван Iвна,4
21042,Реган Павло Леон Iдович,4
21042,Олиф Iренко Тетяна  Iван Iвна,2
21042,Бер I В Iктор Iя Марк Iвна,2
21042,Ткаленко Олександр Михайлович,4
21043,Скорик-Шкар Iвська Михайлина Михайл Iвна,4
21043,Гнат Iв Богдан Андр Iйович,4
21043,Балдук Анна Олекс Iївна,2
21043,Супрун Роман Григор Iйович,4
15304,Баб'як Володимир Ярославович,4
15304,Нарожний Серг Iй Серг Iйович,4
15304,Ковальов Олекс Iй Вячеславович,4
15304,Чекальський Юр Iй Лук'янович,4
15304,Р Iзак Михайло Васильович,4
15304,Конончук Дар Iя Серг Iївна,4
15304,Кобринець Антон Костянтинович,4
15304,Мельник Катерина Руслан Iвна,2
15304,Пероганич Юр Iй Йосипович,4
15304,Азарова Над Iя Олександр Iвна,4
15304,Конопелько Анна Олег Iвна,4
15304,Тимощук  Iнна Олег Iвна,2
15304,Руденко В Iктор Iя В Iктор Iвна,2
21044,Бартосюк Олександр Валентинович,2
21044,Нечаєв Валер Iй Валер Iйович,4
21044,Б Iльда Олег Серг Iйович,4
21106,Пасечко Олександра Дмитр Iвна,2
21106,Татаренко Зоя Павл Iвна,2
21106,Савранський Рустам Сол Iхджонович,4
21106,Ткаченко Олеся Як Iвна,4
21106,Винар Ростислав Любомирович,4
21106,Герасим'юк Олена Серг Iївна,4
21045,Воробей Св Iтлана  Iван Iвна,4
21045,Чеботарьов Євген Iй В Iкторович,4
21045,Яс Iнський Володимир Миколайович,4
21045,Кизимчук  Iванна Павл Iвна,4
21045,Доброд Iй Тетяна Вячеслав Iвна,4
21045,Шолом Iцький Серг Iй Якович,4
21045,Потапова Олена Вячеслав Iвна,4
21045,Прохоренко Олекс Iй Олекс Iйович,4
21045,Кузан Олександр Олегович,4
21045,Федосєєва Марина Юр Iївна,2
21045,Зазимко Олена Олександр Iвна,2
21046,Зубок Денис Михайлович,2
21046,Циганок Оксана Анатол Iївна,4
21046,Рибальченко Анатол Iй Миколайович,2
21046,Глазкова Ольга Юр Iївна,2
21046,Павленко Дмитро В Iкторович,2
21047,Подгорна Натал Iя Олекс Iївна,4
21047, Iлючок Мар Iя Олександр Iвна,2
21047, Iвашко Леон Iд Юр Iйович,4
21047,Протопопова Ольга Серг Iївна,4
21047,Самошк Iн Андр Iй Миколайович,4
21047,Вожол Олена В Iтал Iївна,2
21047,Резн Iк Над Iя Петр Iвна,4
21047,Овсянн Iков Олег Венедиктович,4
21047,Береза Андр Iй Володимирович,4
21048,Квашенко Роман Михайлович,4
21048,Дзюбенко Руслан Олександрович,2
21048,Яс Iнська Натал Iя Володимир Iвна,2
21048,Глущенко Максим Леон Iдович,4
21048,Король Людмила В Iктор Iвна,4
21048,Бандурко Людмила Миколаївна,4
21049,Солтис Олег Петрович,4
21049,М Iн Iн Юр Iй Анатол Iйович,4
21049,Зюзько Юр Iй Олекс Iйович,4
21049,Мармуз Юр Iй Володимирович,4
21049,Шапран Серг Iй Михайлович,4
21049,Завгородн Iй В Iтал Iй Володимирович,4
21049,Св Iтлицький Анатол Iй Анатол Iйович,4
21049,Болотов  Iгор Олегович,4
21049,Гуляєв Вадим Вячеславович,4
21049,Сек Iрко Євген Олександрович,4
21049,Швиг Iн  Iгор В Iкторович,4
21049,Янович Микола Васильович,4
21049,Караульщук Олександр Володимирович,4
21049,Толочин В Iктор  Iванович,4
21049,Корольова Тетяна Анатол Iївна,2
21049,Короткова Юл Iя Анатол Iївна,2
21049,Безд Iтна Тетяна Миколаївна,2
10826,Кисленко Роман В Iкторович,4
10826,Безносик Алла Олександр Iвна,4
10826,Божкова Мар Iя Як Iвна,2
10826,Смерека В Iтал Iй Юр Iйович,4
10826,Соловйов Артем Серг Iйович,4
21101,Харламов Дмитро Євгенович,4
21101,Кузьменко Серг Iй Олександрович,4
21101, Iльченко В Iтал Iй Володимирович,4
21101,Бейзим Людмила Миколаївна,4
21101,Серебрякова Натал Iя Павл Iвна,4
21101,Бондар Серг Iй Юр Iйович,4
21101,Михайл Iченко Артем Серг Iйович,4
21101,Стеблюк Андр Iй Володимирович,4
21101,Романовський Роман Володимирович,4
21101,Шульга Натал Iя  Iван Iвна,2
21101,Кривошеїн Максим Петрович,2
21101,Саєнко Богдан Олександрович,2
21050,Скопенко Василь Степанович,4
21050,Бизов Серг Iй Серг Iйович,4
21050,Голоколенко Ярослав Анатол Iйович,4
21050,Малют Iн Глєб Анатол Iйович,4
21050,Тимченко Олег В Iтал Iйович,4
21050,Криворучко Серг Iй Дмитрович,4
21050,Коржак Марина Володимир Iвна,2
21050,Назаренко Руслан Володимирович,4
21050,Кост Iна Анастас Iя Андр Iївна,2
21102,Гол Iней  Iрина Михайл Iвна,2
21102,Баланецький Денис  Iванович,2
21103,Туровець Юр Iй Миколайович,2
21103,Лук'янець Валер Iй Володимирович,4
21103,Лозинський Серг Iй Ярославович,4
21103,Яцков Серг Iй Григорович,4
21103,Величко  Iнна Миколаївна,4
21103,Васькова  Iрина В Iтал Iївна,2
21103,Асєєв Костянтин Олександрович,2
21103,Гуц Петро Петрович,4
21103,Балахно Тереса Костянтин Iвна,2
21104,Максимчук Св Iтлана Серг Iївна,4
21104,Кравцов Олег Миколайович,2
21104,Гранюк Людмила Олекс Iївна,2
21105,Герасименко  Iгор Олександрович,4
21105,Довженко Дмитро Володимирович,4
21105,Пол Iканов Андр Iй Миколайович,4
21105, Iндутний-Шматько Стан Iслав Миколайович,4
21105,Гродовський Олекс Iй Валентинович,4
21105,Гармашов  Iгор Юр Iйович,4
21105,Бондаренко Євген Володимирович,2
21105,Гуляєв Руслан Олександрович,2
21105,Гаврюшенко Олександр Олександрович,2
21105,Тридуб В Iктор Iя Анатол Iївна,2
21105,Яремович Валентина В Iктор Iвна,2
21105,Мамонов В'ячеслав Володимирович,4
21108,Осовик Володимир Миколайович,4
21108,Буданов Денис Серг Iйович,4
21108,Дубина Альона В Iктор Iвна,4
21108,Чудна Нелл I Олександр Iвна,4
21108,Л Iсова Маргарита  Iван Iвна,4
21108,Саприк Iна Л Iл Iя Васил Iвна,4
21108,Маков Iйчук Катерина В Iктор Iвна,2
21108,Ткачук Ганна Олекс Iївна,2
21108,Малют Iн Олекс Iй Володимирович,4
21107,Матухно Василь Кононович,4
21107,Гамор  Iван Олекс Iйович,4
21107,Охонько Олена Борис Iвна,4
21107,Тищенко В Iтал Iй Григорович,4
21107,Думанський Юр Iй Васильович,4
21107,Л Iсова Оксана  Iгор Iвна,4
21107,Рейко Анатол Iй Никифорович,4
21107,Овчарук Натал Iя Анатол Iївна,4
21107,Осаволюк Олександр Андр Iйович,4
21107,Сел Iвон Олександр Олександрович,4
21107,Крючок Анатол Iй  Iванович,4
21107,Бутенко Михайло Володимирович,4
21107,Романченко Катерина Петр Iвна,4
21107,Гавриш Катерина Михайл Iвна,4
21107,Поруцький Серг Iй Георг Iйович,4
21107,Князевич Назар Васильович,4
21107,Свириденко В Iтал Iй Анатол Iйович,4
21107,Голуб  Iрина Володимир Iвна,2
21107,Олейн Iк Марина Андр Iївна,2
21107,Гавриш Оксана Миколаївна,2
21107,Колотило Михайло Олександрович,4
21107,Малець Серг Iй В Iтал Iйович,4
21107,Дейкун Микола Петрович,4
21132,Швець Серг Iй Володимирович,4
21132,Боровик Владислав Євгенович,2
21132,Фадюх Iн Олександр Олександрович,4
21132,Сурков Вячеслав Миколайович,4
21132,Павлуненко Катерина Леон Iд Iвна,4
21132,Бердник Олександра Володимир Iвна,2
21132,Павленко Натал Iя Серг Iївна,2
21132,Саламаха В Iтал Iй Русланович,2
13942,Ящук Олександр Леон Iдович,4
13942,Боровик  Iгор Олегович,4
13942,Бояд Iн В'ячеслав Серг Iйович,4
13942,Дуб Iнська Св Iтлана В Iктор Iвна,2
13942,Устинова Тетяна Олександр Iвна,2
13942,Кочугур Роман Олександрович,4
21133,Бреславська Натал Iя Стан Iслав Iвна,4
21133,Ул Iцький Андр Iй Григорович,2
21133,Горулько Ольга Юр Iївна,4
21133,Шеф Iр Микита Серг Iйович,2
7371,Солодських Володимир Миколайович,4
7371,Мазур Юр Iй Анатол Iйович,4
7371,Неустроєв Юр Iй Геннад Iйович,4
7371,Работ Iн Юр Iй Анатол Iйович,4
7371,Гуляєв Василь Олександрович,2
7371,Гера Геннад Iй  Iванович,4
7371,К Iчиджи Ольга  Iлл Iвна,4
7371,Рилач Юр Iй Валер Iйович,4
7371,С Iбов Фед Iр Степанович,4
7371,Чум Iчова Тетяна Степан Iвна,4
7371,Витак Ольга Йосип Iвна,4
7371,Витак Галина Йосип Iвна,4
7371,Кюссе  Iван  Iванович,2
7371,Янєв Микола  Iванович,2
7371, Iожица В Iктор Iя Георг Iївна,2
7371,Докова Лариса Дмитр Iвна,2
7371,Толстих Юл Iя Олександр Iвна,2
7371,Толмачева Л Iл Iя В Iктор Iвна,2
18094,Гриц Iв Тарас Володимирович,4
18094,Драч Галина Олекс Iївна,2
18094,Боднар Ольга Федор Iвна,4
18094,Ганущак-Св Iтлична Галина Олег Iвна,2
18094,Сен Iв Галина Ярослав Iвна,2
18094,Мельник Ольга  Iгор Iвна,2
18094,Ол Iйник Натал Iя Васил Iвна,2
18094,Жданюк Андр Iй Валер Iйович,4
18094,Гичка Назар Iй Михайлович,4
18094,Заяць  Iван Стан Iславович,4
18094,Кост Iков Володимир Володимирович,4
21115,Троїцька Ганна Олександр Iвна,2
21115,Сурова Д Iана Ромуальд Iвна,4
21115,Кузнєцова Ал Iна Олег Iвна,2
21115,Каверз Iн  Iгор Олександрович,4
21117,Костюченко Стан Iслав Геннад Iйович,2
21117,Боднарук Верон Iка Васил Iвна,2
21117,Б Iрюк Лев Васильович,4
21117,Нагниб Iда Ольга Олександр Iвна,2
21326,Вадзюк Степан Несторович,4
21326,Марчак Ярослав Миколайович,2
21326,Лоз Iн Богдан Олександрович,2
21326,Майка Натал Iя Володимир Iвна,4
21326,Кравчук Натал Iя Ярослав Iвна,4
21326,Бутрин-Бока Натал Iя Степан Iвна,4
21326,Гарбич Л Iд Iя  Iван Iвна,4
21326,Мартузаєва Олена Михайл Iвна,4
21326,Мариновський В Iтал Iй Володимирович,4
21326,Галянтич Микола Костянтинович,4
21326,Дашкевич Серг Iй  Iгорович,4
21326,Зигр Iй Ольга Володимир Iвна,4
12612,Кл Iшина Ганна Андр Iївна,4
12612,Горський Андр Iй Олександрович,4
12612,Розумович Андр Iй  Iванович,4
12612,Джуган Серг Iй Васильович,4
12612,Кравченко Натал Iя Миколаївна,4
12612,Касярум Серг Iй Олександрович,4
12612,Тимошенко Володимир В Iкторович,4
12612,Несмашний В Iтал Iй Володимирович,4
12612,Соловйов Вадим Павлович,2
12612,Матв Iєнко Павло Дмитрович,4
12612,Зарва Валентин Михайлович,4
12612,Козерацький Ян В Iкторович,4
12612, Iванов  Iгор Євген Iйович,4
12612,Бабич Св Iтлана  Iван Iвна,2
12612,Симаков Денис Олегович,4
21120,Савчук Василь Степанович,2
21120,Бендерська Тетяна Владислав Iвна,2
21122,Давидюк Валер Iй Семенович,2
21122,Шевчук Григор Iй Анатол Iйович,4
21122,Дорош  Iгор Олегович,4
21122,Михалишин Володимир Романович,2
21122,Воловенко Геннад Iй Миколайович,2
21122,Єк Iмов Стан Iслав Володимирович,4
21122,Богачова  Iрина В Iктор Iвна,4
21122,Шумський Андр Iй Миколайович,4
21122,Рябик Iн Олег Анатол Iйович,4
21124,Зюз Iн В Iтал Iй Олегович,3
21124,Шлега Юл Iя Олег Iвна,2
21124,Бал Iйчук Владислав Анатол Iйович,4
21125,Слабецький Олександр Миколайович,4
21125,Голуб Андр Iй Миколайович,4
21125,Долинний Анатол Iй Степанович,4
21125,Орлов  Iгор Анатол Iйович,4
21125,Карпущенко Дмитро Олександрович,4
21125,Носок Олександр Олександрович,4
21125,Сотн Iков Владислав Серг Iйович,4
21125,Ульяненко Натал Iя Борис Iвна,4
21125,Семенов Володимир Борисович,4
21125,Асланов Олександр Олександрович,4
21125,Абросимов Євген Васильович,4
21125,Плигун Денис  Iгорович,4
21125,Вер Iтов Олександр  Iгорович,4
21125,З Iнченко Андр Iй Валентинович,4
21125,Левченко Вячеслав Петрович,4
21125,Реньгач Олекс Iй Володимирович,4
21125,Долинний Андр Iй Володимирович,4
21125,Волотко Павло Володимирович,4
21125,Афанасьєва Олена Григор Iвна,2
21125,Кравченко Св Iтлана Ярослав Iвна,2
21126,Толупенко Л Iл Iя Володимир Iвна,4
21126,Петренко Серг Iй  Iванович,4
21126,Скороход Олекс Iй Петрович,4
21126,Пащенко Артем Олександрович,4
21126,Б Iлан Св Iтлана В Iктор Iвна,4
21126,Устюгов Олександр Леон Iдович,4
21126,Самойленко Михайло Михайлович,4
21126,Кравченко Ал Iна Анатол Iївна,2
21126,Щербатий Петро Петрович,2
17457,Подашевська Тетяна Леонт Iївна,4
17457,Соловчук Костянтин В Iкторович,2
17457,Устинов Єгор Олександрович,4
17457,Кравчук Олександр Анатол Iйович,4
17457,Гуртавцова Мар Iя Валер Iївна,4
17457,Бойко В Iтал Iй Володимирович,4
17457,Бегеба Валер Iй Миколайович,2
21127,Шаранд Iн Олександр Олександрович,4
21127,Чудовський  Iгор Вячеславович,4
21127,Сушко Руслан Васильович,4
21127,Романюк Катерина Олександр Iвна,4
21127,Шульг Iн Андр Iй Артурович,4
21127,Сн Iцар Олег Юр Iйович,2
21127,Чемерис В Iктор Леон Iдович,2
21127,Гланц В Iтал Iй Аркад Iйович,4
21127,Кохан Дмитро Леонт Iйович,4
21128,Лобков Максим Серг Iйович,2
21128,Бистрякова Юл Iя  Iгор Iвна,2
21128,Даниленко Олександр Олегович,4
21128,Терлецький Богдан Юр Iйович,4
21128,Осипенко Ольга Миколаївна,4
21128,Момонт Євген Андр Iйович,4
21128,Корж Єлизавета Юр Iївна,4
21128,Сандлер Дарина Володимир Iвна,4
21128,Кушн Iренко Євген Валер Iйович,4
21128,Свирид Тарас Степанович,4
21128,Аган Iн Олександр Вячеславович,4
1351,Даниш Остап Тарасович,2
1351,Сорок Iн Серг Iй Миколайович,4
1351,Андросюк Володимир Тимоф Iйович,4
1351,Б Iрук В Iтал Iй  Iванович,4
1351,Бондарук Валер Iй Анатол Iйович,4
1351,Боснюк Юр Iй Володимирович,4
1351,Веремчук Людмила Володимир Iвна,4
1351,Касарда Валентина  Iван Iвна,4
1351,Ковальчук В Iтал Iй Володимирович,4
1351,Кондисюк Ярослав Серг Iйович,4
1351,Лазаренко-Штикало Людмила Ростислав Iвна,4
1351,Он Iщук Андр Iй Юр Iйович,4
1351,Пащук Василь  Iванович,4
1351,Вергунов В Iктор Анатол Iйович,4
1351,Шевченко Микола Миколайович,4
1351,Рябека Євген Iя Олександр Iвна,4
1351,Липко Тетяна Федор Iвна,4
1351,Третяк Антон Миколайович,4
1351,Саченко Володимир  Iлл Iч,4
1351,Чернова Натал Iя Федор Iвна,2
1351,Крутова Олена Юр Iївна,2
21129,Кириченко  Iнна Петр Iвна,4
21129,Мартишко Денис  Iгорович,2
21129,Вельможна Олена Серг Iївна,2
21129,Кириченко Серг Iй Олександрович,4
21129,Кагал Євген Олександрович,4
21129,Ан Iщенко  Iгор Григорович,4
21129,Хорбенко Серг Iй Анатол Iйович,4
21130,Кап Iнус Олекс Iй Серг Iйович,2
21130,Огньова Натал Iя Михайл Iвна,2
21130,Лапшин Серг Iй Геннад Iйович,4
21130,Левк Iн Олександр Якович,4
21130,Сироватка Серг Iй Григорович,4
21130,Бичковський Євген Васильович,4
21130,Борденюк В Iолетта Васил Iвна,2
21130, Iваночко Тетяна Роман Iвна,2
21131,Качур Олександра Серг Iївна,4
21131,Ткач Юл Iя Михайл Iвна,4
21131,Середа Роман Адамович,4
21131,Коляда Богдан Олександрович,2
21131,Левандовська Анна Геннад Iївна,4
21131,Алєксєєва Тетяна Володимир Iвна,4
21131,Демк Iв Катерина Миколаївна,4
21131,Рись Василь Григорович,4
21134,Ковальчук Валентина Петр Iвна,2
21134,Мальцева Тетяна Серг Iївна,2
21134,Семен Iх Iн Володимир Олександрович,4
17997,Безноско Андр Iй Юр Iйович,2
17997,Селецький  Iгор Олегович,2
17997,Петровський Владислав Владиславович,2
17997,Чермошенцева Наталя Миколаївна,4
17997,Фущич Богдан В Iльгельмович,4
17997,Єршова В Iктор Iя Серг Iївна,4
17997,Климчук Андр Iй Васильович,4
17997,Жолткевич  Iнна Олександр Iвна,4
17997,Ковальчук Людмила Григор Iвна,4
21135,Антонюк Руслан Володимирович,4
21135,Гресенко Олена Васил Iвна,4
21135,Ганем Акрам Фуад,4
21135,Пономарьов Артем Олександрович,4
21135,Соколовська Натал Iя  Iван Iвна,4
21135,Перег Iнець  Iван  Iванович,4
21135,Соколовська Олена Юр Iївна,4
21135,Шевченко Артем Олегович,4
21135,Соколовський Володимир Петрович,4
21135,Василевський Серг Iй Володимирович,4
21135,Петриченко Ганна Серг Iївна,2
21135,Дяденко Михайло Васильович,3
21135,Арав Серг Iй Олександрович,4
21135,С Iренко Олександр Володимирович,4
21135,Руденко Андр Iй Серг Iйович,4
21135,Хобта  Iрина  Iван Iвна,2
21135,Курляк Василь Юр Iйович,4
21135,Попельнюх Максим Васильович,4
21135,Серг Iєнко Олександр Васильович,4
21135,Цел Iщева Ангел Iна Серг Iївна,2
15645,Гогоша  Iгор З Iнов Iйович,2
15645,Пак Уляна  Iгор Iвна,2
15645,Хомик Мирослава Святослав Iвна,4
15645,Равва Анастас Iя Серг Iївна,4
15645,Гандзюк  Iрина Богдан Iвна,2
15645,Павл Iченко Олександр Миколайович,4
15645,Нєкраса Натал Iя Володимир Iвна,4
15645,Глущенко Володимир Борисович,4
15645,Владимир Андр Iй Богданович,4
15645,Вандьо Солом Iя Руслан Iвна,4
1897,Заєць Оксана Петр Iвна,2
1897,Храпа  Iгор  Iванович,2
1897,Руденко Олена Борис Iвна,2
1897,С Iкл Iцький Борис В Iтал Iйович,4
1897,Мартинов Михайло Олекс Iйович,4
1897,Нур Iєв Ельхан П Iр I огли,4
1897,Монастирський В Iтал Iй Олександрович,4
1897, Iльченко Ярослава Валер Iївна,4
21137,Довганенко Петро Васильович,4
21137,Дв Iрник Серг Iй Миколайович,4
21137,Кулик Євген Володимирович,4
21137,Луцька Катерина Петр Iвна,4
21137,Хареба Володимир Васильович,4
21137,Нестерчук Олена Юр Iївна,4
21137,Костк Iна Юл Iя Олександр Iвна,4
21137,Мельник Петро Петрович,4
21137,Сухов Iй Андр Iй Олександрович,4
21137,Протасов Серг Iй Володимирович,4
21137,Горд Iйчук Яна Олександр Iвна,2
21137,Дзюба Ал Iна Олександр Iвна,2
21137,П Iкалов Владислав Серг Iйович,2
21138,Тихонько Костянтин Серг Iйович,4
21138,Притолюк Наталя Миколаївна,2
21140,Хоменко Валентина Олекс Iївна,4
21140,Л Iн Iченко Кр Iст Iна Геннад Iївна,4
21140,Дронов Євген Геннад Iйович,4
21140,Андрющенко Оксана Роман Iвна,4
21140,Запорожець Марина Васил Iвна,2
21140,Гасимов Ренат Габ Iлович,2
21140,Колесн Iкова Євген Iя Вадим Iвна,4
21139,Сух Iна  Iрина Юр Iївна,2
21139,Чоб Iтько Серг Iй В Iтал Iйович,2
21139,Куцк Iр Михайло Семенович,4
21139, Iсаєв Олекс Iй Львович,4
21139,Романенко Д Iана Михайл Iвна,4
21139,Семенець Петро  Iванович,4
21139,Задерей Тетяна Володимир Iвна,4
21139,Столяренко Св Iтлана Миколаївна,4
21139,Нагорний Серг Iй Миколайович,4
21139,Бурлак Серг Iй Валер Iйович,4
21139,Михайлець Серг Iй Володимирович,4
14168,Савчук Євген Iй Анатол Iйович,4
14168,Коваленко Олександра Євген Iвна,4
14168,Мельниченко Олена Андр Iївна,4
14168,Мон Iч Андр Iй Олександрович,4
14168,Опанасик Мирослава В Iктор Iвна,4
14168,Янушевський Дмитро  Iгорович,4
14168,Сладковська Тетяна Анатол Iївна,4
14168,Б Iлецький В'ячеслав В'ячеславович,4
14168,Бондар Артем Степанович,4
14168,Вербицький Роман Борисович,4
14168,Фурс Марина Борислав Iвна,2
14168,Федорук Оксана В Iтал Iївна,2
14168,Курачик Тарас Володимирович,2
14168,Рижа Алла  Iван Iвна,2
14168,Гопчак  Iгор Васильович,4
8786,Пас Iчник Серг Iй Дмитрович,4
8786,Лукашук Олег Григорович,4
8786,Шамрай Людмила Михайл Iвна,4
8786,Соф'їн Михайло  Iгорович,4
8786,Янченко Серг Iй Володимирович,4
8786,Румянцев Роман Миколайович,4
8786,Джупина В Iктор Олександрович,4
8786,Старжинський Володимир Анатол Iйович,4
8786,Коряк Iн  Iгор Давидович,2
8786,Єган Серг Iй Володимирович,2
8786,Старжинський Андр Iй Володимирович,4
8786,Дворак Юр Iй Миколайович,2
8786,Ярцев Владислав Миколайович,2
8786,Єфремов Костянтин Юр Iйович,4
8786,Барабаш Микола Григорович,4
8786,Ворон Iн Володимир Петрович,4
8786,Хороших Володимир Леон Iдович,4
16818,Андр Iяшин Серг Iй Григорович,4
16818,Подворний  Iлля Дмитрович,2
16818,Костюк Олекс Iй  Iванович,4
18034,Забавська В Iра Юр Iївна,2
18034,Калаус  Iгор Миколайович,2
21144,Трикоз  Iрина Васил Iвна,2
21144,Любчич Анна Миколаївна,4
21144,П'янковська  Iрина  Iван Iвна,4
21144,Хомутянський В Iтал Iй Володимирович,4
21144,Гутовець Тетяна В Iктор Iвна,2
21144,Юхта Св Iтлана В Iтал Iївна,2
21144,Глущенко Тетяна Володимир Iвна,4
21142,Калиш Оксана  Iван Iвна,4
21142,Орлова Л Iл Iя Борис Iвна,4
21142,Шморг Серг Iй Васильович,4
21142,Нейченко Ганна Володимир Iвна,2
21142,Калиш Мар'яна  Iван Iвна,2
21141,Якимчук Катерина В Iтал Iївна,4
21141,Герасимов Ростислав Олегович,2
21141,Завалевський Юр Iй  Iванович,4
21141,Лазарєва Тетяна Олександр Iвна,4
21141,Мкртичян Аркад Iй Мисакович,4
21141,Рощ Iн Павло  Iванович,4
21141,Печений Андр Iй Григорович,4
21141,Рибак Дар'я Андр Iївна,4
21141,Ворохаєв Олександр Анатол Iйович,4
21141,Грин Iв Анна Андр Iївна,4
21141,Л Iсовський Олег Васильович,4
21141,Ляшенко Серг Iй Володимирович,4
21141,Х Iон I Л Iл Iя В Iктор Iвна,4
21141,Степанов Євген Олександрович,2
21141,Ткачук  Iгор Миколайович,2
21143,Корольчук  Iгор Володимирович,2
21143,Плачков Серг Iй  Iванович,4
21143,Скиба В Iктор Валер Iйович,4
21143,Кобцов Юр Iй Олександрович,4
21143,Заєць Андр Iй Петрович,4
21143,Чернов  Iгор Олекс Iйович,4
21143,Васильєв Юр Iй Михайлович,4
21143,Лилов Олександр Володимирович,4
21143,Рибалко Серг Iй В Iкторович,4
21143,Максименко Олександр Павлович,4
21143,Черепаха Альберт В Iкторович,4
21143,Мус Iйко Вадим Юр Iйович,4
21143,Здоровець Мар'яна Богдан Iвна,4
21143,Лагута Геннад Iй Миколайович,4
21143,Шелудько Володимир Васильович,4
21143,Костяк Микола Михайлович,4
21149,Пугачов Владислав Олександрович,4
21149,Дашкевич В'ячеслав Леон Iдович,4
21149,Бород Iй Над Iя Олег Iвна,4
21149,Нов Iков Роман Анатол Iйович,4
21149,Дашкевич В Iктор Iя В Iктор Iвна,2
21149,Лесик Андр Iй Анатол Iйович,2
21149,Гальченко Олег Юр Iйович,4
21149,Марущак Дмитро Анатол Iйович,4
21149,Рудницький Роман Серг Iйович,4
21149,Мацьопа Микола Петрович,4
21149,Крижановський Серг Iй Володимирович,4
21149,Кад Iк Стан Iслав Юр Iйович,4
21150,Курганська  Iрина Володимир Iвна,4
21150,Горбал Iнський Микола Дмитрович,4
21150,Цикалевич Володимир Миколайович,4
21150,Строян Iвський Володимир Святославович,2
21150,Алекс Iйчук Катерина Олександр Iвна,2
21150,Цикалевич Над Iя Михайл Iвна,2
21150,Абаканович Георг Iй Євгенович,4
21150,Гринчук В Iктор Васильович,2
21150,Ковальчук Валер Iй Олекс Iйович,4
21150,Петренко  Iгор  Iгорович,4
21150,Строян Iвський Святослав В Iтал Iйович,4
21150,Рудик Андр Iй Олекс Iйович,4
21150,Коцюк Тетяна Олександр Iвна,4
11166,Пемковська Уляна З Iнов Iївна,2
11166,Шиденко Катерина Петр Iвна,2
11166,Решнюк Л Iл Iя В Iтал Iївна,2
11166,Пар Iйчук-Брухаль Роксолана  Iван Iвна,2
11166,Д Iдовець Юр Iй В Iкторович,4
11166,Черкасов Олександр Володимирович,4
11166,Лисенко Юр Iй Миколайович,4
11166,Вертеба Яна Руслан Iвна,4
11166,Ярмоленко Олександр Васильович,4
20103, Iльченко Ярослава Валер Iївна,4
20103,Батенко Катерина Миколаївна,2
20103,Васага Микола Степанович,4
20103,Мозгова Людмила Анатол Iївна,4
20103,Маховський Орест Георг Iйович,2
20103,Неймарк Серг Iй Олександрович,2
21151,Моцний Микола  Iванович,4
21151,Ткач Серг Iй Васильович,4
129,Савич Єгор Серг Iйович,2
129,Шинкар Олександр Олександрович,4
129,Зубак Андр Iй Анатол Iйович,4
129,Пушкар Анатол Iй Петрович,4
129,Храпатий Серг Iй В Iкторович,4
129,Молошна Олена Леон Iд Iвна,4
129,Гур'єв Серг Iй Омелянович,4
129,Токарчук Ольга Володимир Iвна,4
21152,Литвин Натал Iя Юр Iївна,2
21152,Х Iлькевич Володимир В Iтал Iйович,2
21152,Кострицький Володимир В Iтал Iйович,4
21152,Копит Iн Володимир Володимирович,4
21152,Федоренко Олександр Серг Iйович,4
21152,Моторний Серг Iй Володимирович,4
21152,Мартиченко Владислав В Iкторович,4
21152,Журавльов Максим Серг Iйович,4
21152,Малород Вадим Анатол Iйович,4
21152,Бурда  Iгор Володимирович,4
21152,Бабков Євген Юр Iйович,2
21152,Жук Серг Iй Олександрович,2
21152,Анапрейчик Костянтин Костянтинович,4
21153,Костр Iйчук Серг Iй Володимирович,4
21153,Стеф'юк Тетяна Дмитр Iвна,2
21153,Рижак Артем Олександрович,4
21153,Федосова Антон Iна Володимир Iвна,4
21153,Найдьон Микола Валентинович,2
8693,Бєлєвцов Андр Iй В Iкторович,2
8693, Iващенко Костянтин Володимирович,4
8693,Росс Iх Iн Василь Васильович,4
8693,Щербаєв В Iктор Анатол Iйович,4
8693,Ельк Iна Ольга Геннад Iївна,2
8693,Назаренко Василь Васильович,4
21154,Жданюк  Iгор  Iгорович,4
21154,Варваров Роман Юр Iйович,4
21154,Бутко Павло Євгенович,4
21154,Жеретовська  Iрина Леон Iд Iвна,2
21154,Солнцева Ян Iна Володимир Iвна,2
21154,Савченко Олександр Миколайович,2
21154,Самар Богдан Володимирович,2
21154,Єгорова Ксен Iя Леон Iд Iвна,4
21154,Корявченкова Тетяна Володимир Iвна,4
21156,Губань Радим Васильович,3
21156,Задорожний  Iван Андр Iйович,2
21156,Коваленко Олена Вячеслав Iвна,4
21156,Демиденко Володимир Едуардович,4
21156,Туманов Денис Серг Iйович,4
21156,Дирд Iна  Iрина Володимир Iвна,4
21156,Божик Анастас Iя Валер Iївна,4
21156,Стоянов Микола Михайлович,4
21156,Гроза  Iрина Валентин Iвна,4
21156,Зленський Олекс Iй В Iтал Iйович,4
21156,Сераф Iмов В Iтал Iй В Iтал Iйович,4
21156,Козлов Олександр Олександрович,4
21156,Романадзе Луїза Джумберовна,4
21156,Гладенко Олександр Миколайович,4
21156,Попов Максим Миколайович,4
21155,Л Iнчевський Олександр Володимирович,4
21155,Димов Олександр Андр Iйович,4
21155,Попатенко Василь Серг Iйович,2
21157,Юзьков Вадим В Iкторович,4
21157,Чернявська Натал Iя Григор Iвна,2
21157,Л Iсовол Євген Васильович,4
21157,Сухих Андр Iй Юр Iйович,2
21158,Варцаба Андр Iй Володимирович,4
21158,Аз Iзян  Iрина Леон Iд Iвна,4
21158,Сливка Володимир Михайлович,4
21158,Микуляк Василь  Iванович,4
21158,Переп Iчай Тетяна Серг Iївна,4
21158,Проценко Руслан Серг Iйович,4
21158,Баб Iля Олександр  Iванович,4
21158,Запорожанова Галина  Iван Iвна,4
21158,Шафарь Ярослав Васильович,4
21158,Бабура В Iктор Ярославович,4
21158,Сличко Василь Васильович,2
21158,Улинець Юл Iя Васил Iвна,2
21158,Ухаль Михайло  Iванович,4
21159,Островська Мар'яна Валентин Iвна,4
21159,Яценко В Iра Олександр Iвна,2
21159,Слинько Євген Iя В Iктор Iвна,4
21159,Жерновий Денис В Iтал Iйович,4
21159,Невмержицька Мар Iя Петр Iвна,4
21159,Крамський К Iр Iлл Серг Iйович,4
21159,Слинько Дмитро Михайлович,4
21159,Цибка Андр Iй Анатол Iйович,4
21160,Мельник Ольга Юр Iївна,2
21161,Супрун Тетяна Володимир Iвна,4
21161,Мащенко Анастас Iя Миколаївна,4
21161,Онацька Олена Васил Iвна,4
21161,Моргунова Валер Iя Серг Iївна,4
21161,Петров Олекс Iй Юр Iйович,4
21161,Коз Iн Ярослав Миколайович,2
21161,Аржев Iк Iн Юр Iй Володимирович,4
21161,Колесник Владислава Григор Iвна,4
21161,Чаговець Роман Володимирович,4
21162,Сметан Данило Петрович,4
21162,Новиков Олександр  Iгорович,4
21162,Дупляк Iн Олександр Олександрович,4
21162,Носенко  Iгор Васильович,4
21162,Андрос Микола Васильович,4
21162,Григораш Дмитро Валер Iйович,4
21162,Ковальський Євген Миколайович,4
21162,Заруба Дмитро Васильович,4
21162, Iгнатьєв Дмитро  Iгорович,2
21162,Сахно Костянтин Миколайович,2
21162,Денис Мирослав Михайлович,4
21163,Гетьман Євген Iй Серг Iйович,2
21163,Чабанова Тетяна Серг Iївна,4
21163,Запорожець Ольга Серг Iївна,2
21163,Козачок Оксана Миколаївна,2
21163,Бондар Олександр  Iванович,4
21164,Пекарь Олександр В Iкторович,4
21164,Трикур Євген Юр Iйович,4
21164,Ковальчук Олександр Володимирович,4
21164,Кучерява Зореслава  Iван Iвна,4
21164,Волошин Ярослав  Iванович,4
21164,Хал Iмон Галина Васил Iвна,4
21164,Понзель Василь Васильович,4
21164,Грабар Серг Iй Володимирович,4
21164,Катринець Василь Васильович,4
21164,Агаєв Рустам  Iлгарович,2
21164,Фекийшгаз I Кр Iст Iан Степанович,2
6073,Непопенко Катерина Васил Iвна,2
6073, Iщенко Галина  Iван Iвна,2
6073,Троханчук Дмитро  Iванович,4
6073,Гор Iн Артур Володимирович,4
6073,Романовський Олександр Олександрович,4
6073,Кондратюк Серг Iй Володимирович,2
21166,Мельникова Тамара В Iктор Iвна,4
21166,Крєс Андр Iй Васильович,2
21166,Гладкий Дмитро В Iкторович,4
21166,Стойчев Валер Iй Михайлович,4
21166,Капустянський Юр Iй В Iкторович,4
21166,Брензей Олена Олег Iвна,4
15649,Тустановська  Iванна Андр Iївна,2
15649,Грицьк Iв Роман Ярославович,4
15649,К Iсенко Андр Iй Миколайович,4
21168,Завгородн Iй Владислав Валер Iйович,4
21168,Опалько Максим Едуардович,4
21168,Ковердяга  Iгор Миколайович,4
21168,Безбах Владислав Серг Iйович,4
21168,Буйн Iстрович  Iнна В Iктор Iвна,2
21168,Ос Iєвська  Iрина Васил Iвна,4
21169, Iванов Олександр Юр Iйович,4
21169,Шверк Юр Iй Аронович,4
21169, Iвон Iн Михайло Володимирович,4
21169, Iванов Денис Владиславович,4
21169,Чернишов Серг Iй Володимирович,4
21169,Андрейк Iв-Морозова Оксана Олександр Iвна,4
21169,Ковальова Марина В Iктор Iвна,4
21169,Терновська Мар Iя Леонт Iївна,4
21169,Кравцова Янна Едуард Iвна,2
21169,Авалян Єрванд Володимирович,2
21169,Заблодська  Iнна Володимир Iвна,4
21169,Шевченко Дмитро Серг Iйович,4
21169, Iвченко Євген Анатол Iйович,4
21169,Шахов Серг Iй Вячеславович,4
21170,Чередн Iченко Лариса В Iктор Iвна,4
21170,Юлдашев Олекс Iй Хашимович,4
21170,Отрош  Iнна Олекс Iївна,2
21170,Сисак Владислав Тарасович,4
21170,Захаров Артем Вячеславович,4
21170,Спектор Ольга Михайл Iвна,4
21171,М Iлют Iн Андр Iй Володимирович,4
21171,Данищук Олександр Миколайович,4
21171,Прокоф'єва Св Iтлана  Iван Iвна,4
21171,Вавженчук Олена Валер Iївна,4
21171,Л Iп Iнська Людмила  Iван Iвна,4
21171,Касянчук Серг Iй В Iкторович,4
21171,Мошк Iвський Руслан В Iкторович,4
21171,Караван Руслан Володимирович,4
21171,Нор Олександр Петрович,4
21171,Зубець Олександр Павлович,4
21171,Гончаренко Олег В Iкторович,4
21171,Засенко Вячеслав Миколайович,4
21171,Швидка Жанна Петр Iвна,2
21171,Волк Iвський Микола Анатол Iйович,2
21171,Живцов Олександр Миколайович,4
15804,Бобрицький Леон Iд Володимирович,4
15804,Коротич Натал Iя Григор Iвна,4
15804,Шипко Володимир Андр Iйович,4
15804,Кришталь Альона Олекс Iївна,4
15804,Кошара Олександр Володимирович,4
15804,Вишневський  Iгор Васильович,4
15804,Лелюк Любов  Iван Iвна,4
15804,Турчин В Iтал Iй Олекс Iйович,4
15804,Ємець В Iктор Iя Михайл Iвна,4
15804,Мовчан Юл Iя В Iтал Iївна,4
15804,Мацейко В Iктор Васильович,4
15804,Хрипко Серг Iй Володимирович,2
15804,Нерода Юл Iя Юр Iївна,2
21172,Лиман  Iрина Миколаївна,4
21172,Борисенко Тетяна Аркад Iївна,4
21172,Герасимчук Тетяна В Iктор Iвна,3
21173,Яценко Вячеслав Петрович,2
21173,Журба В Iтал Iй Анатол Iйович,2
21174,Тимоф Iйчук Володимир Павлович,4
21174,Плужн Iков Михайло Брон Iславович,2
21174,Н Iконов Дмитро Анатол Iйович,4
21174,Бр Iджендра,4
18112,Бродн Iкова Тетяна Володимир Iвна,2
18112,Мороз Павло Андр Iйович,4
18112,Стоянов Серг Iй Васильович,4
18112,Щ Iпановський Олександр Олекс Iйович,4
18112,Граб Роман Анатол Iйович,4
18112,Д Iдух Мар Iя Миколаївна,4
18112,Сп Iльн Iченко Ольга Олександр Iвна,4
18112,Лось Дмитро Георг Iйович,4
18112,Авсєєвич Анастас Iя Костянтин Iвна,4
18112,Нарожна Мар'яна Олександр Iвна,2
2287,Козленко Анатол Iй Михайлович,4
2287,Мазурчук Лариса Леон Iд Iвна,2
2287,Пал Iй Любов В Iктор Iвна,4
2287,Скоропад  Iгор Михайлович,4
2287,Легомина Владислав Валер Iйович,4
2287,Бервецький Володимир Федорович,4
2287,Бабенко Григор Iй  Iванович,4
2287,Чорний Михайло Миколайович,2
2287,Чорний Микола Михайлович,2
2287,Морозов Володимир Григорович,4
2287,Чорна Над Iя Петр Iвна,4
2287,Якимчук Микола Андр Iйович,4
2287,Диковицький Ярослав Григорович,4
21190,Доценко Артур Євген Iйович,4
21190,Сидоренко Олександр Леон Iдович,4
21190,Капустянський Василь Борисович,4
21190,Єрмолаєв В Iктор Миколайович,4
21190,Кукушк Iн  Iван Анатол Iйович,4
21190,Мухай Володимир В Iкторович,4
21190,Дарчич В Iтал Iй Олекс Iйович,4
21190,Миронова Л Iна Валер Iївна,4
21190,Ємець Дарина Вадим Iвна,4
21190,М Iщенко Денис Олександрович,4
21190,Новак Леон Iд Володимирович,4
21190,Шабала  Iрина Вадим Iвна,2
21190,Целуйко Дар'я Серг Iївна,2
21190,Капущак  Iванна Серг Iївна,2
21191,Дигун Михайло Володимирович,2
21191,Кононенко Серг Iй В Iкторович,4
21191,Вербенська Над Iя Михайл Iвна,4
21191,Замша Олександр Серг Iйович,4
21191,Бєлова Ганна  Iгор Iвна,4
21176,Чорн Iй  Iгор  Iгорович,2
21176,Бонь Андр Iй Михайлович,4
21176,Мигович Тетяна Дмитр Iвна,4
21176,Бондар Дарина Володимир Iвна,4
21176,Давидов Андр Iй Серг Iйович,2
21176,Чумаченко Яна Васил Iвна,4
21176,Куштан Альона Васил Iвна,4
21176,Гриб Юл Iана В Iктор Iвна,4
21176,Собран Юл Iя Олег Iвна,4
21176,Суханов Руслан Валер Iйович,4
21176,Сочка Микола  Iванович,4
21176,Микул Iн Микола Миколайович,4
21176,Слюсарчук Ольга Петр Iвна,4
21176,Горзов Петро Володимирович,4
21176,К Iштулинець Рад Iон Володимирович,4
21176,Рояк Роберт Степанович,4
21176,Лашкай  Iван  Iванович,4
21176,Шкирта Тарас Михайлович,4
21176,Чийпеш  Iван  Iванович,4
21176,Яцьк Iв Т Iбор Лайошович,4
21176,Собран Михайло Васильович,4
15824,Дрозд Олександр Анатол Iйович,4
15824,Шудра Богдан Михайлович,4
15824,Ткач Юр Iй Олександрович,4
15824,Смалюх Iвська Ольга Олександр Iвна,4
15824,Музика Анна Володимир Iвна,2
15824,Павличенко Данило Петрович,2
8806, Iванов Серг Iй Богданович,2
8806,Можар Iвський Леон Iд Володимирович,4
8806,Н Iк Iт Iна В Iктор Iя В Iктор Iвна,4
8806,Гал Iмський Олекс Iй Валер Iйович,4
8806,Кавун Валер Iй Карпович,4
8806,Мороз Юл Iя Анатол Iївна,4
8806,Сорока В Iтал Iй Анатол Iйович,4
8806,Дорошенко В Iктор Олегович,4
8806,Кал Iн Iченко Серг Iй Васильович,4
8806,Логвин Св Iтлана Володимир Iвна,2
2179,Курчинська Ольга Миколаївна,2
2179,Вишневська Валентина Юл Iївна,2
2179,Клочко Дмитро Аркад Iйович,2
2179,Олещенко Серг Iй Михайлович,4
2179,Гриненко Роман Миколайович,4
2179,Красюк Тетяна Миколаївна,4
2179, Iльченко Л Iра Володимир Iвна,2
2179,Карпов Олександр Олександрович,4
2179,Костюк Маргарита Анатол Iївна,4
21185,Яцишена Ганна Анатол Iївна,4
21185,Бутова Галина Олег Iвна,4
21185,Козаченко Олена Володимир Iвна,2
21186,С Iтковський Роман Валентинович,2
21186,Костенко Тетяна В Iктор Iвна,4
21186,Тимошенко Андр Iй Володимирович,4
21186,Хотенко Олена Анатол Iївна,4
21187,Лазоренко Дмитро Миколайович,4
21187,Кув Iла Олександр  Iванович,4
21187,Клим Павло Миколайович,4
21187,Гнатюк Альона В Iктор Iвна,4
21187,Васильєв Єгор Володимирович,4
21187,Пятн Iцький Анатол Iй Олександрович,4
21187,Раца Олена Анатол Iївна,4
21187,Семенюк Антон Валер Iйович,4
21187,Чорна Альона Володимир Iвна,4
21187,Зрибнєва  Iрина Павл Iвна,4
21187,Марараш Денис В Iкторович,4
21187,Савєльєв Серг Iй Павлович,4
21187,Медведєва Людмила Миколаївна,4
21187,Гончаренко Мар Iя Євген Iвна,2
21187,Омельченко Оксана Анатол Iївна,2
21187,Томак Микола Олекс Iйович,4
21189,Фещенко Тетяна Петр Iвна,2
21189,Бродич  Iрина Валер Iївна,2
21189,Мичка Андр Iй  Iванович,4
21189,Коренчук Андр Iй Арнольдович,4
21189,Хал Iмон Оксана Анатол Iївна,4
21189,Савонов Валер Iй Васильович,4
21189,Ткач Лариса Володимир Iвна,2
21189,Плескач  Iрина Адам Iвна,4
21192,Хлєбн Iков Володимир Олекс Iйович,4
21192,Б Iль Владислав Серг Iйович,4
21192,Гункевич Остап Богданович,4
21192,Кондра Д Iана Богдан Iвна,4
21192,Антк Iв Володимир Васильович,4
21192,Лузан Андр Iй В Iкторович,2
21192,Кочерга Олександр Петрович,2
8815,Грись  Iван Михайлович,4
8815,Герей Василь Лук Iянович,4
8815,Войтовська  Iрина Леон Iд Iвна,2
8815,Нижний Валер Iй  Iванович,2
8815,Лесько Галина Ярослав Iвна,4
8815,Гнатенко Натал Iя Григор Iвна,2
8815,К Iра  Iрина  Iван Iвна,4
8815,Карп Iнець Андр Iй Юр Iйович,4
8815,Мєзєнцев Микола Леон Iдович,4
8815,Свистун  Iгор  Iлл Iч,2
18116,Буряк Тетяна Юр Iївна,2
18116,Майборода Ганна Анатол Iївна,2
18116,Проценко Натал Iя Павл Iвна,2
18116,Трикоз Тетяна Андр Iївна,2
18116,Ч Iл Iб I Натал Iя Володимир Iвна,2
18116,Барабаш Ганна Вадим Iвна,4
18116,Власюк Юл Iя Олександр Iвна,4
18116,Стрепоченко Ольга Миколаївна,2
18116,Вервейко  Iван Дмитрович,2
18116,Стич Iнський Олександр Францович,2
18116,Колобродова Олена Володимир Iвна,2
18116,Кононенко Денис Олександрович,2
18116,Ващук Владислав В Iкторович,4
18116,Чуп Iс Анастас Iя Дмитр Iвна,4
21193,Казацький Владислав Дмитрович,4
21193,Б Iльчук  Iнна Миколаївна,4
21193,Аксак  Iнна Михайл Iвна,4
21193,Крамарєва Олена Володимир Iвна,4
21193,Пал Iєнко  Iгор Володимирович,4
21193,С Iб Iльов Денис Михайлович,4
21193,Даньшин Максим Валер Iйович,4
21193,Яценко Вячеслав Олександрович,4
21193,Гусаров Костянтин Володимирович,4
21193,Чернявська Ольга Михайл Iвна,2
21193,Солодкий Олекс Iй Анатол Iйович,2
21193,Проскурова Юл Iя Васил Iвна,2
15662,Боднар Роман Васильович,4
15662,Почотний Юр Iй Костянтинович,4
15662,Сухляк Тетяна Геннад Iївна,4
15662,Чег Iль Мар Iя Володимир Iвна,2
15662,Дир Iв Арсен Анатол Iйович,2
15662,П Iпаш Неля Михайл Iвна,2
15662,Маринц Iвський Мирослав Михайлович,4
15662,Овсян Iкова Анн Iта Олександр Iвна,2
15662,Глиба  Iван  Iванович,4
15662,Севч Оксана  Iван Iвна,4
15662,Микитюк Єгор Миколайович,4
15662,Куртинець Олександр Семенович,4
15662, Iлтьо Едуард Михайлович,4
15662,Гарагонич  Iван Васильович,4
15662,Картавих Нелл I Серг Iївна,2
15662,Кричфалуш Iй Володимир Васильович,2
7718,Стародубцева Наталя Георг Iївна,2
7718,Шелест Євген Федорович,4
7718,Котенко Дмитро Олекс Iйович,4
7718,Романенко Олександр Григорович,4
7718,Кошова Олеся  Iван Iвна,2
7718,Приходько Натал Iя В Iктор Iвна,4
11109,Клопот Олег Миколайович,4
11109,Волкова  Iнна  Iгор Iвна,2
11109,Футорянська Катерина Павл Iвна,2
11109,Коваленко Вячеслав Петрович,2
11109,Кутуєва  Iрина Олександр Iвна,4
11109,Н Iк Iтчина Зореслава Михайл Iвна,4
21194,Бахт Iна Еллада Армаїс Iвна,4
21194,Закопайло Олександр Валентинович,4
21194,Бесед Iн Андр Iй Олександрович,4
21194,Закопайло Артем Олександрович,4
21194,Мамалига Олена Олекс Iївна,4
21194,Кутовий Олекс Iй Валер Iйович,4
21194,Еверт Олеся Юр Iївна,2
21194,Зимовець Серг Iй Валентинович,3
21194,Редько Олександр Романович,2
18117,Бровар Людмила Миколаївна,2
18117,Драгун Тетяна Анатол Iївна,4
18117,Павлишин  Iгор Володимирович,2
21195,Рудяк Влад Iм Iра Олександр Iвна,4
21195,Дем'яновська Юл Iя Григор Iвна,4
21195,Погребняк Лариса Миколаївна,4
21195,Подорожняк В Iтал Iй В Iкторович,4
21195,Сухонос Натал Iя Васил Iвна,4
21195,Павленко  Iнна Вячеслав Iвна,2
21195,Янковець Анастас Iя Валер Iївна,2
21195,Савка Ал Iна Олег Iвна,2
21195,Брат Iк Серг Iй В Iкторович,4
21252,Стецюк Дмитро Валер Iйович,4
21252,Костюченко Олекс Iй Олександрович,4
21252,Маринич Микола Михайлович,4
21252,Йовж Iй Олександр Михайлович,4
21252,Голубенко Валентин Леон Iдович,4
21252,Климець Натал Iя Максим Iвна,4
21252,Базака  Iрина Олександр Iвна,4
21252,Янк Iвський Роман Юр Iйович,4
21252,Базака Богдан Степанович,4
21252,Омельяненко Валер Iй Олександрович,4
21252,Чижевський Олександр Павлович,4
21252,Тарасенко Лариса  Iван Iвна,2
21252,Куз Iн Олександр В Iкторович,4
21252,Жук Натал Iя Степан Iвна,4
21252,Кулакевич Валентина Миколаївна,4
21252,Сиротюк Петро Миколайович,4
21252,Тутевич Володимир Максимович,4
21252,Базака Юл Iя Степан Iвна,2
21252,Климець Микола Андр Iйович,4
21237,Хмельницький Олександр Львович,4
21237,Скаб Iна Натал Iя Петр Iвна,4
21237,Мо Iсеєнко Катерина Олександр Iвна,4
21237,Кюрчев Володимир Миколайович,4
21237,Кузьменко Андр Iй Григорович,4
21237,Євтушенко Христина Едуард Iвна,4
21237,Євдокименко Євген Миколайович,4
21237,Євдокименко Микола Михайлович,4
21237,Стадн Iчук Руслан Олегович,4
21237,Т Iмофєєв Павло Анатол Iйович,2
21237,Корнєв Євген Олександрович,4
21196,Каурк Iна Св Iтлана Валер Iївна,2
21196,Александрова Олена В Iктор Iвна,2
21196,Сапун Серг Iй Васильович,2
21196,Лар Iонов Олександр Олекс Iйович,4
21196,Л Iпкан Анатол Iй Васильович,4
21197,М Iненко Юл Iя Юр Iївна,4
21197,Матв Iєнко Олег В Iкторович,4
21197,Муравйова Юл Iя Дмитр Iвна,2
21197,Кизило Ганна Юр Iївна,2
21197,Бород Iна Тетяна Олександр Iвна,2
21198,Завадовський Володимир Адамович,4
21198,Б Iлик Валентин Володимирович,4
21198,Дякон Олександр  Iванович,4
21198,Дякон Валентин Михайлович,4
21198,Князєв Антон Iй Михайлович,4
21198,Стрельчук Прокоп Iй Григорович,4
21198,Аграт Iна Серг Iй Антонович,4
21198,Лазоренко Андр Iй Миколайович,4
21198,П Iкул Iн Олександр Серг Iйович,4
21198,Кал Iшенко Галина Миколаївна,2
21198, Iгнатов Едуард Євгенович,4
21198,Крайнюк Олег Борисович,4
21198,С Iрман Дмитро Онуфр Iйович,4
21198,Б Iл Iчук Василь  Iванович,4
21198,Башликова В Iктор Iя Артур Iвна,4
21198,Гешко  Iван Тарасович,3
21198,Страт Iйчук Петро Миколайович,2
21198,Головльов Анатол Iй Миколайович,2
21198,Онофриєсе Людмила Михайл Iвна,4
21198,Лупу Натал Iя Олекс Iївна,2
21198,Стець  Iгор Олександрович,4
21198,Павзюк Олег В Iкторович,4
21198,Мазурашу Михайло Георг Iйович,4
21198,Тарасенко В Iтал Iй Олександрович,4
21199,Василенко  Iнна Миколаївна,2
21199,Хоровецька Алла В Iктор Iвна,4
21199,Джердж Тарас В Iтал Iйович,2
21199,Чермак  Iгор  Iванович,4
21200,Жуков Микита Серг Iйович,4
21200,Деркач Дмитро Анатол Iйович,4
21200,Сергеєва Анастас Iя Васил Iвна,2
21200,Пашинський Анатол Iй Павлович,4
21200,Вовк Мирослав Тарасович,2
21203,Джердж В Iтал Iй Федорович,2
21203,Козич В Iтал Iй Олександрович,2
21203,Пластун Михайло Серг Iйович,4
21203,Голодов Едуард Анатол Iйович,4
21203,М Iзько Натал Iя Наум Iвна,2
21203,Левченко Людмила Серг Iївна,2
21217,Толстоухов Серг Iй В Iкторович,2
21217,Мельник Роман Миколайович,2
21217,М Iкул Iч  Iрина Антон Iвна,2
21217,Березинський Володимир Павлович,4
21217,Михайленко Олекс Iй Миколайович,4
21217,Семенченко В Iтал Iй Миколайович,4
21217,Кушн Iренко Павло Борисович,4
21217,Крохмаль Володимир Миколайович,4
21217,Бутенко В Iтал Iй Миколайович,4
21217,Дарв Iш Абдулвахаб Фах Iм,4
21932,Яхнович Юр Iй Юр Iйович,2
21932,Кропивницький В Iтал Iй В Iкторович,2
21932,Погребняк Мар Iя Володимир Iвна,2
21932,Кондратюк Галина Васил Iвна,2
21932,Мал Iнський Богдан Миколайович,4
21932,Зеленецький Вадим Олександрович,4
21932,Поворознюк Євген Iй Євген Iйович,4
21932,Ткаченко Тетяна Миколаївна,4
21932,Н Iг Iрчук Олександр Стан Iславович,4
21932,Лемешко Серг Iй Анатол Iйович,4
21932,Пас Iчник В Iтал Iй В Iкторович,4
21932,Шкабара Олег  Iванович,4
21932,Яковенко Серг Iй Євгенович,4
21218,Фасоль Олена Олег Iвна,4
21218,Н Iк Iт Iн Андр Iй Володимирович,4
21218,Косоуров Кирило Володимирович,4
21218,Довгаль Олександр  Iванович,4
21218,Сарамага Роман Костянтинович,4
21218,Кабала  Iрина В Iктор Iвна,4
21218,Вусик Олена В Iктор Iвна,4
21218,Зарудна Анна Серг Iївна,2
21218,Борейко Володимир Євгенович,4
21218,Нел Iпа Андр Iй Володимирович,4
21218,Волков Серг Iй Степанович,4
21219,Марусяк Олекс Iй Степанович,4
21219,Дутка-Гефко Христина Миколаївна,2
21219,Гук Володимир Олександрович,4
21219,Дутка Роман Васильович,2
21219,Безрукий Руслан Ярославович,4
21219,Юрчишин Олег Михайлович,4
21220,Компанець Пол Iна Олекс Iївна,2
21220,Мариновська Олена Олекс Iївна,4
21220,Крисоватий  Iгор Андр Iйович,4
21220,Колесн Iк Анастас Iя Васил Iвна,2
21221,Дяконов Олександр В Iкторович,2
21221,Шевченко Тарас Миколайович,4
21221,Дудзяк Руслан В Iтал Iйович,4
21221,Улиганець В Iктор Iя Євген Iвна,3
21223,Бондаренко  Iванна Георг Iївна,2
21223,Новицький Василь Петрович,4
21223,Кокоць Серг Iй Юр Iйович,4
21223,Калин Iй Василь Володимирович,4
21223,Дзекунова Євген Iя Олександр Iвна,2
21223,Бриндальський Андр Iй Петрович,2
1934,Д Iдан Тетяна Миколаївна,4
1934,Куцевалов Валер Iй В Iтал Iйович,4
1934,Мандзюк Дмитро Григорович,4
1934,Маринич Олександр В Iкторович,4
1934,Засенко Євген Миколайович,4
1934,Великий  Iван Андр Iйович,4
1934,Башкевич В Iтал Iй  Iванович,4
1934,Ф Iнько Антон Євгенович,4
1934,В Iд Iшенко Андр Iй Олександрович,4
1934,Сташко Євген  Iванович,4
1934,Мартинов Андр Iй Юр Iйович,4
1934,Чалий Григор Iй Стан Iславович,4
1934,Чубирко Яна  Iван Iвна,2
1934,Захарчук Серг Iй Валер Iйович,4
1934,Темнохудова Зоя Володимир Iвна,2
1934,Бабан Iн Олег Володимирович,4
1934,Прошкуратова Св Iтлана Миколаївна,4
1934,Пазюк В Iктор Iя В Iктор Iвна,2
1934,Дрозд Валентина Володимир Iвна,4
1934,Огурек Юл Iя Олег Iвна,4
1934,Даценко Євген В Iтал Iйович,4
1934,Савельєв Владислав Володимирович,4
1934,Таран Андр Iй Валер Iйович,4
1934,Зубанич Олена Васил Iвна,2
1934,Макаров Михайло Олександрович,4
1934,Гал Iшин Владислав  Iванович,4
21226,Мацко Денис Анатол Iйович,4
21226,Пол Iно Юр Iй Михайлович,4
21226,Олекс Iєнко Людмила Анатол Iївна,4
21226,Пол Iщук Олександр Серг Iйович,4
21226,Мокрянська Юл Iя Володимир Iвна,2
21226,Сарана Анастас Iя Андр Iївна,2
21226,Сомов Андр Iй Едуардович,4
21228,Дзюба Юл Iя Анатол Iївна,2
21228,Лазоренко Катерина Валер Iївна,4
21228,Доб Iдовська Яна Олег Iвна,4
21228,Кортунова Св Iтлана Васил Iвна,4
21228,Русинюк Микола Миколайович,4
21228,Веселовський Богдан Андр Iйович,4
21228,Рем Iзов Артем Павлович,4
21228,Акуленко Олександр Володимирович,4
21228,Акуленко Любов Володимир Iвна,4
21230,Остапчук Леон Iд Серг Iйович,4
21230,Зм Iєвець Леон Iд Миколайович,4
21230,Лучкевич Тетяна Борис Iвна,2
21231,Каляка Серг Iй В Iкторович,3
21231,Архипенко Людмила Михайл Iвна,3
21232,Тимченко Геннад Iй Петрович,3
21232,Басенко Антон Iна Олександр Iвна,4
21232,Гурова Анна Михайл Iвна,3
21232,Зуб Олександр Олександрович,4
21232,Куфтирєв Павло Вячеславович,4
21232,Бялюк Богдан Онуфр Iйович,4
21232,Кучер Ярослав Олександрович,4
21233,Гриценко Євген В Iкторович,4
21233,Бережний Андр Iй Леон Iдович,4
21233,М Iшегл Iна Валер Iя Миколаївна,2
21233,Гн Iтецький Олександр Миколайович,4
21233,Тесля Валер Iй Володимирович,4
21233,Шатох Iн Серг Iй Анатол Iйович,4
21234,Д Iброва Андр Iй Анатол Iйович,4
21234,З Iнов'єва Олеся Костянтин Iвна,2
21234,Абросимова Натал Iя Миколаївна,4
21234,Бакульська Юл Iя В Iктор Iвна,2
21234,Кучер Василь Михайлович,4
21236,Житар Олександр Петрович,4
21236,Халанчук В Iктор Iя  Iван Iвна,2
21236,Садол Iнська  Iрина Серг Iївна,4
21238,Михайлов  Iлля Володимирович,4
21238,Рак Оксана В Iктор Iвна,4
21238,Клименко Серг Iй Серг Iйович,4
21238,Бондар Ростислав Володимирович,4
21238,Хорунжий Юл Iан Андр Iйович,4
21238,Кочуров  Iлля Михайлович,2
21238,Григораш В Iктор Iя Олександр Iвна,2
21238,Гриценко Валер Iя Юр Iївна,2
21239,Подолян Олена Миколаївна,2
21239,Попенюк Андр Iй Володимирович,4
21239,Ястребова В Iра Андр Iївна,4
21239,Суханов Леон Iд Аркад Iйович,2
21239,Крук Олекс Iй  Iгорович,2
15810,Затул Iна Марина Стан Iслав Iвна,2
15810,Шульга Альона Вячеслав Iвна,2
15810,Курбатов Денис Володимирович,4
15810,Кубрак Дмитро Олекс Iйович,4
15810,Черевко  Iнна Серг Iївна,4
15810,Пол Iщук Ольга Михайл Iвна,4
15810,Масляк Мирослава  Iгор Iвна,2
15810,Подольська Зореслава Григор Iвна,4
21241,Мозгова В Iктор Iя Анатол Iївна,4
21241,Зельк Iна Тетяна Євген Iвна,4
21241,Крапив Iн Євген Олекс Iйович,4
21241,Шутяк Тетяна Володимир Iвна,2
21241,Школьн Iков Владислав  Iгорович,4
21241,Крук Стан Iслав Леон Iдович,4
21243,Гребьонк Iна Натал Iя Олег Iвна,4
21243,Расщупк Iн Андр Iй Володимирович,4
21243,Каразамф Iр Денис Серг Iйович,4
21243,Струк Валентина Дмитр Iвна,4
21243,Мамонов Дмитро В Iкторович,4
21243,М Iз Iн Олександр Юр Iйович,4
21243,П Iнчук Тимоф Iй Григорович,4
21243,Гнатенко Карина Валер Iївна,2
21243,Свиридова Людмила Юр Iївна,2
21243,Клименко Андр Iй Євген Iйович,3
21243,Євт Iх Iєв Едуард В Iкторович,2
21243,Телестакова Армену I Абрик Iвна,4
21244,Новикова Дар'я Миколаївна,2
21246,Буд Iянська Тетяна Петр Iвна,2
21246,Манжел Iй Андр Iй Миколайович,2
21248,Ярова Тетяна Володимир Iвна,4
21248,Гусак Руслан Олегович,4
21248,Лесюк Михайло Дмитрович,4
21248,Федченко Мирослав Олегович,2
21248,Ляхович Галина  Iван Iвна,4
21248,Олексин Ярослав Васильович,4
21248,Гура Катерина В Iтал Iївна,2
21250,Шулежко Владислав В Iтал Iйович,2
21250,Малина Оксана Валентин Iвна,4
21250,Мартовщук Ал Iна Олександр Iвна,4
21250,Яриш Дмитро Валер Iйович,4
21250,Цисаренко Там Iла Миколаївна,4
21250,Багл Iй Михайло Олександрович,2
21261,Гужва В Iктор Iя Валер Iївна,2
21261,Гура В Iтал Iй В Iкторович,4
21261,Попков Руслан Петрович,4
21261,Кавер Iн Андр Iй Васильович,2
21261,Чорнова Ал Iна Валер Iївна,4
21261,Курдась Серг Iй Олекс Iйович,4
21261,Залозна Мар'яна В Iктор Iвна,4
21261,К Iс Iль Анна  Iван Iвна,4
21262,Мацькова Натал Iя В Iктор Iвна,4
21262,Печерська Тетяна  Iгор Iвна,4
21262,Арс Iр Iй Ярослав Олександрович,4
21262,Гавриленко Данило Леон Iдович,4
21262,Толстошеєв Дмитро Олександрович,4
21262,Чернявський Олександр Олександрович,4
21262,Пас Iчка Володимир В Iкторович,4
21262,Матв Iйчук Св Iтлана Руслан Iвна,2
21262,Лобач Наталя Миколаївна,2
18037,Шинкар Олександр  Iванович,4
18037,Осика Серг Iй Валентинович,4
18037,Вакуленко Св Iтлана Миколаївна,4
18037,Каплун Володимир Володимирович,4
18037,Кириченко  Iгор Гл Iбович,4
18037,Бондаренко Володимир Олександрович,4
18037,С Iлад I Натал Iя Євген Iївна,4
18037,Кириленко  Iгор  Iванович,4
18037,Д Iдан Тетяна Миколаївна,4
18037,Вакуленко Андр Iй Серг Iйович,4
18037,Молодий Володимир Михайлович,2
18037,Мирошникова В Iктор Iя Андр Iївна,2
18037,Н Iмченко Марина Армен Iвна,2
21254,Батура Серг Iй Васильович,2
21254,Б Iленко Серг Iй Борисович,4
21254,Солонець Олена Стан Iслав Iвна,2
21254,Заг Iрний Юр Iй Миколайович,4
21255,Стадн Iк Микола Валер Iйович,4
21255,Плуг Iна Євген Iя Павл Iвна,2
21255,Колесник Серг Iй Васильвич,2
21255,Бойко Олександр Васильович,4
21255,Адамчук Ростислав Олександрович,4
21255,Кисловський Олекс Iй Стан Iславович,4
21255,Тиха Жанна Володимир Iвна,4
21255,Лядишев Костянтин Костянтинович,4
21255,Ткаченко В Iктор Миколайович,2
21255,Якименко Микола Миколайович,4
21255,Фролова Жанетта Васил Iвна,4
21255,Мазуренко Олександр Анатол Iйович,2
21255,Пастушенко Вадим Анатол Iйович,2
21255,Колесник Серг Iй Серг Iйович,2
21255,Кисловський Олександр Серг Iйович,3
15666,Ручко Роман Володимирович,2
15666,Бичк Iвський Василь Костянтинович,2
15666,Колєсн Iков Руслан Серг Iйович,4
15666,Ус Вячеслав Едуардович,4
15666,Голенищев Вячеслав Олекс Iйович,4
15666,Майданський Андр Iй Анатол Iйович,4
15666,Павлишин Павло Олегович,4
15666,Бєдова Олена Костянтин Iвна,4
15666,Чернявський Микола Олександрович,4
15666,Грубський Андр Iй В Iтал Iйович,4
15666,Слєпова Любов Федор Iвна,4
15666,Ченцов Анатол Iй Олександрович,4
15666,Котляр Олег В Iкторович,4
15666,Юзеф Iв Серг Iй Богданович,4
15666,Подрєза Серг Iй Михайлович,4
15666,Чуб Iрко Володимир Володимирович,4
15666,Червинський Владислав В Iкторович,4
15666,Голяк Олена Леон Iд Iвна,2
21256,Денисюк Юл Iя Дем'ян Iвна,4
21256,Зеленський Василь Валер Iйович,4
21256,П Iлатова Марина Васил Iвна,4
21256,Гризодуб Юл Iя Олександр Iвна,2
21256,Дербеньов Олександр Володимирович,4
21256,Ол Iйник В Iктор Iя Васил Iвна,4
21257,Соболєв Борис Володимирович,4
21257,Гаджиєв Рас Iм Фарадж огли,4
21257,Рокитський Євген Леон Iдович,4
21257,Савченко Олександр Михайлович,4
21257,Гойда Юр Iй Олегович,2
21258,Васильєв Олександр Олександрович,4
21258,Володьков Дмитро Геннад Iйович,4
21258,Бока Олена Серг Iївна,4
21258,Гомерський В Iтал Iй Степанович,4
21258,Бельковець Натал Iя Олекс Iївна,2
21258,Лендяк Тетяна Олекс Iївна,4
21258,Дарб Iнян Денис Володимирович,4
21258,Бєл Iк Олена Володимир Iвна,4
21259,Падалка Л Iл Iя Олег Iвна,2
21259,Сергєєва  Iрина Володимир Iвна,4
21259,Олюха В Iтал Iй Георг Iйович,4
8830,Стретович Натал Iя Володимир Iвна,2
8830,Астряб Анна Юр Iївна,4
8830,Мущенко Оксана Володимир Iвна,4
8830,Цапренко Дар'я Юр Iївна,4
8830,Черкас Вадим В Iкторович,4
8830,Ситн Iченко Євген Iй Анатол Iйович,4
8830,Хоменко Олекс Iй Володимирович,2
8830,Дудчак Юл Iя Костянтин Iвна,2
21260,Крохмалюк Людмила Петр Iвна,2
21260,Охотний Олександр Олександрович,4
21260,Коган Роман В Iтал Iйович,4
21260,Н Iк Iт Iн Серг Iй Вячеславович,4
21260,Самойленко Владислав Серг Iйович,4
21260,Хохлов Роман Олександрович,4
21260,Поляков Антон Дмитрович,4
21260,Русак Олекс Iй Євгенович,4
21260,Петер Герман Геннад Iйович,2
21260, Iльєнко Андр Iй Володимирович,2
21263,Капуловський Артем Валер Iйович,4
21263,Муравйов Олекс Iй Валентинович,4
21263,Солодко Євген Iй В Iкторович,4
21263,Кушн Iренко Володимир Олександрович,4
21263,Миколаєць Анатол Iй Петрович,4
21263,Зєнков Олекс Iй Серг Iйович,4
21263,Зуб Олександр Олександрович,4
21263,Седлецький Олександр Олександрович,4
21263,Базов В Iктор Петрович,4
21263,Чабан Дмитро Федорович,4
21263,Самарай Людмила В Iктор Iвна,4
21263,Козлова Натал Iя Семен Iвна,2
21263,Войтюк  Iрина Анатол Iївна,3
21263,Кап Iнус Олена В Iктор Iвна,2
17108,Д Iдк Iвський Олександр Валер Iйович,4
17108,Шайдовський Євген Iй Дмитрович,4
17108,Чумак Анатол Iй Михайлович,4
17108,Кириченко Тетяна Миколаївна,2
17108,Баранн Iков Костянтин Володимирович,4
17108,Василевський Владислав Володимирович,4
17108,Самолюк  Iгор Миколайович,4
17108,Василенко Л Iл Iя Леонт Iївна,4
17108,Папакиця Кирило Валер Iйович,4
17108,Кривошия Богдан Григорович,4
17108,Федорчук Олександр Володимирович,4
21242,Шавр Iна В Iра  Iгор Iвна,4
21242,Дем'янюк Олена Серг Iївна,4
21242,Гриник Єгор Олександрович,4
21242,Василюк Олекс Iй Володимирович,4
21242,Богдан Натал Iя  Iгор Iвна,2
21242,С Iпєєв В Iктор Анатол Iйович,2
21242,Дяконович  Iлля Мар'янович,4
21242,Дребот Оксана  Iван Iвна,4
21242,Осадчук  Iгор Степанович,4
21242,Радз Iховська Оксана Андр Iївна,4
21242, Iващенко Олекс Iй Юр Iйович,4
21242,Корн Iйчук Олександр Васильович,4
21242,Горелова Наталя Серг Iївна,4
21242,Козловський Серг Iй Володимирович,4
21242,Зиков Юр Iй Володимирович,4
21242,Мамаєва  Iрина Володимир Iвна,4
21242,Герасименко Олександр Олександрович,4
21242,Мудрак Олександр Васильович,4
21242,Суркова Марина Леон Iд Iвна,4
21242,Подворчан Алла Зенов Iївна,4
21242,Кул Iбаба Д Iана Олег Iвна,4
21242,Жереб Володимир Васильович,4
21245,Матат Юр Iй  Iгорович,4
21245,Самойленко Валентин Серг Iйович,2
21245,Анурова Олена  Iгор Iвна,4
21245,Л Iп Iн Серг Iй Олександрович,4
21245,Ситн Iк Едуард Юр Iйович,4
21245,Барков Ярослав Михайлович,2
21249,Ср Iбняк Ольга Олег Iвна,4
21249,Савенко Владислав Серг Iйович,2
21324,Лавренцов Михайло Євген Iйович,2
21324,Ткаченко В Iктор Iя Петр Iвна,2
21324,Лоюк  Iрина Анатол Iївна,4
21269,Купр Iянчик Ал Iна  Iгор Iвна,2
21269,Литвиненко Ольга Серг Iївна,2
21270,Ворона Ярина  Iгор Iвна,2
21270,Калаш Анна  Iгор Iвна,2
21270,Бек  Iрина Володимир Iвна,4
21270,Васильченко Серг Iй Валер Iйович,4
21270,Федор Iн Iн В Iтал Iй В Iкторович,4
21270,Микуш  Iгор З Iнов Iйович,4
21270,Филистин Анна Орест Iвна,4
21270,Марямпольский Володимир Петрович,4
21270,Боярчук Тарас Андр Iйович,4
21216,Сперчун Олександр Олександрович,4
21216,Литвинов Андр Iй Володимирович,4
21216, Iваненко Юр Iй Миколайович,4
21216,Матусевич Оксана Серг Iївна,4
21216,Д'якова Оксана Володимир Iвна,3
21216,Завгородн Iй Роман Петрович,2
21216,Пряженкова Натал Iя Олександр Iвна,3
21216,Вибранський В Iтал Iй Вадимович,4
15687,Берковська Ал Iна Анатол Iївна,2
15687,Лєбєдєва Юл Iя Олександр Iвна,2
